Day,月,テーマ,新しい言いたいこと,件数,新しい単語,音,文型,会話セッション,到達チェック
1,1ヶ月目,会話をつなぐ技術,もう一度言ってもらえますか / はじめまして / わかりました / 私は○○です / よくわかりません,5,是 / 大 / 不 / 有 / 去 / 小 / 来,第3声は「低く抑える」,,,
2,1ヶ月目,会話をつなぐ技術,はい、そうです / もう少しゆっくり話してください / いいえ、違います / よろしくお願いします / これはいくらですか,5,也 / 说 / 对 / 要 / 想 / 少 / 都,第2声と第3声の区別,,,
3,1ヶ月目,頼む・質問する,日本から来ました / これをください / 聞き取れませんでした / ○○はどこですか / ○○をください,5,没有 / 吃 / 贵 / 看 / 很 / 知道,そり舌音 zh ch sh r,,,
4,1ヶ月目,会話をつなぐ技術,中国語で○○って何て言いますか / 日本人です / トイレはどこですか / すみません（謝罪） / ○○ってどういう意味ですか,5,便宜 / 会 / 能 / 好吃 / 就 / 可以 / 在,j q x と zh ch sh の区別,,,
5,1ヶ月目,会話をつなぐ技術,これは何ですか / いいですよ / 大丈夫です、問題ないです / おいしいです / そうですね,5,忙 / 做 / 还 / 叫 / 累 / 喜欢,有気音と無気音（b/p d/t g/k z/c j/q）,,,
6,1ヶ月目,会話をつなぐ技術,いりません、結構です / これは中国語で何ですか / まだ勉強中で、少ししか話せません / おいしかったです / すみません、ちょっとお聞きします,5,觉得 / 远 / 没 / 喝 / 买 / 近 / 给,前鼻音 -n と後鼻音 -ng,,,
7,1ヶ月目,会話をつなぐ技術,いいですね / 今、何て言いましたか / ○○はありますか / お会計をお願いします / なるほど,5,太 / 听 / 热 / 走 / 回 / 冷,ü の音,,,
8,1ヶ月目,頼む・質問する,中国語を勉強しています / 全部でいくらですか / えーっと、ちょっと待ってください / 楽しかったです / おすすめは何ですか,5,真 / 找 / 用 / 慢 / 等 / 再 / 问,e の音,,,
9,1ヶ月目,会話をつなぐ技術,大丈夫です / 本当ですか / ○○までお願いします / ちょっと書いてもらえますか / ○○の仕事をしています,5,新 / 到 / 得 / 高兴 / 才 / 让,i の3つの音（zi / zhi / ji）,,,
10,1ヶ月目,旅先の場面,○○が好きです / ○○人です / ここに行きたいです / そうなんですか / すごい！,5,帮 / 漂亮 / 懂 / 已经 / 应该 / 有意思 / 开,子音の後に母音を足さない・r と l,,,
11,1ヶ月目,会話をつなぐ技術,○○へはどう行けばいいですか / 注文をお願いします / 中国語があまりできません / 英語は話せますか / これ、すごく好きです,5,坐 / 方便 / 一起 / 住 / 工作 / 不错 / 学,聞き分けテスト,,,
12,1ヶ月目,会話をつなぐ技術,翻訳アプリを使ってもいいですか / うれしいです / お名前は何ですか / 乾杯！ / 簡単な言葉で言ってもらえますか,5,先 / 打 / 早 / 认识 / 需要 / 晚,聞き分けテスト,,,
13,1ヶ月目,会話をつなぐ技術,○○と呼んでください / きれいですね / WeChatを交換しませんか / メニューをください / ○○ってことですか,5,只 / 告诉 / 请 / 好看 / 干 / 又 / 见,聞き分けテスト,,,
14,1ヶ月目,会話をつなぐ技術,旅行で来ました / 私もそう思います / これは辛いですか / 持ち帰りにします / ○○って言いたいんですが,5,难 / 上 / 下 / 容易 / 最 / 进,聞き分けテスト,,,
15,1ヶ月目,会話をつなぐ技術,中国語はまだ下手です / ○○に住んでいます / 面白いですね / 写真を撮ってもらえますか / ○○を1杯ください,5,出 / 饿 / 回来 / 可能 / 回去 / 舒服 / 出去,,文型1,,
16,1ヶ月目,会話をつなぐ技術,なんて言えばいいかな / 仕事で来ました / 辛いものは苦手です / 遠いですか / ここで食べます,5,回家 / 好喝 / 一定 / 打算 / 写 / 错,,文型2,,
17,1ヶ月目,旅先の場面,○○で払えますか / WeChat Payで払えますか / 見ているだけです / ここで止めてください / 予約しています,5,玩 / 别 / 睡觉 / 高 / 起床 / 吃饭 / 长,,文型3,,
18,1ヶ月目,会話をつなぐ技術,ここから遠いですか / ちょっと考えさせてください / ○○は苦手です / 何時に会いましょうか / 近くに○○はありますか,5,马上 / 该 / 明白 / 短 / 记得 / 有点儿,,文型4,,
19,1ヶ月目,頼む・質問する,席はありますか / お腹いっぱいです / どのくらいかかりますか / チェックインをお願いします / 写真を撮ってもいいですか,5,忘 / 重要 / 带 / 拿 / 简单 / 在 / 放,,文型5,,
20,1ヶ月目,予定と過去,ゆっくりならわかります / どこで会いましょうか / もう一つください / 水をください / もうすぐ着きます,5,送 / 开心 / 换 / 正在 / 开始 / 可爱,,文型6,,
21,1ヶ月目,旅先の場面,もう少し安くなりますか / 支付宝（アリペイ）は使えますか / これにします / 中国は初めてです / 一緒に行きませんか,5,完 / 谢谢 / 干净 / 非常 / 对不起 / 像 / 辣,,文型7,,
22,1ヶ月目,会話をつなぐ技術,大丈夫、気にしないで / 私の言い方、合っていますか / 今度また会いましょう / 辛くしないでください / どうしてですか,5,姓 / 其实 / 算 / 甜 / 变 / 发 / 困,,文型8,,
23,1ヶ月目,頼む・質問する,翻訳アプリを使いますね / 安くしてもらえますか / どれがいいですか / チェックアウトをお願いします / どれが一番人気ですか,5,当然 / 卖 / 付 / 渴 / 花 / 一直,,文型9,,
24,1ヶ月目,会話をつなぐ技術,私の中国語、わかりますか / 少し遅れます / 少し待ってもらえますか / また来たいです / 確かに,5,试 / 好玩 / 穿 / 洗 / 一样 / 好像 / 休息,,文型10,,
25,1ヶ月目,頼む・質問する,今着きました / どう思いますか / 後で連絡します / どちらのご出身ですか / ○○の出身です,5,疼 / 有名 / 看见 / 比较 / 听说 / 厉害,,文型11,,
26,1ヶ月目,会話をつなぐ技術,○○に来るのは初めてです / 助けてもらえますか / 私の発音、合っていますか / ちょっと疲れました / お仕事は何ですか,5,聊天 / 介绍 / 帅 / 特别 / 认为 / 希望 / 好听,,文型12,,
27,1ヶ月目,予定と過去,WeChatを持っています / また来ます / Wi-Fiのパスワードは何ですか / 今○○にいます / 初めて来ました,5,爱 / 更 / 怕 / 安静 / 准备 / 上班,,文型13,,
28,1ヶ月目,会話をつなぐ技術,明日は何をしますか / ここに座ってもいいですか / どうしたらいいですか / ピンインで書いてもらえますか / ○○で働いています,5,认真 / 挺 / 下班 / 学习 / 香 / 见面 / 刚,,文型14,,
29,1ヶ月目,頼む・質問する,最高です / 歩いて行けますか / 間違えたら教えてください / パクチー抜きでお願いします / どこで買えますか,5,帮忙 / 新鲜 / 点 / 打车 / 凉快 / 真的,,文型15,,
30,1ヶ月目,会話をつなぐ技術,奈良でお茶を作っています / まだ決めていません / 遅れてすみません / それで？ / まあまあです,5,开车 / 旅游 / 暖和 / 结婚 / 还是 / 收到 / 不好意思,,文型16,,○
31,2ヶ月目,頼む・質問する,ここはどこですか / 名刺です、どうぞ / 気にしないでください / 全部はわかりませんでした / 暑いですね / この電車は○○に行きますか / ちょっと高いですね,7,找到 / 看到 / 着急 / 大概 / 听懂 / 听见,,文型17,,
32,2ヶ月目,予定と過去,まだです / ○○はどうですか / もう少し見てから決めます / これから○○に行きます / 中国語を勉強して○○か月です / 晩ご飯を一緒にどうですか / ○○は何て読みますか,7,辛苦 / 麻烦 / 一共 / 借 / 清楚 / 联系 / 决定,,文型18,,
33,2ヶ月目,頼む・質問する,カードは使えますか / 私がスキャンしますか / どちらでもいいです / ○○が食べられません / いつ帰りますか / どこで降りればいいですか,6,难吃 / 经常 / 考虑 / 担心 / 饱 / 生气 / 总是,,文型19,,
34,2ヶ月目,旅先の場面,○○で降ります / この辺に面白いところはありますか / この辺で面白い所はありますか / 友達と来ました / ○○に会いましょう / 大丈夫ですか / もう少し大きい声でお願いします,7,笑 / 健康 / 哭 / 以为 / 年轻 / 快,,文型20,,
35,2ヶ月目,好き嫌い・気持ち,いい香りですね / 何時に開きますか / あれと同じものをください / 趣味は○○です / 昨日着きました / 間違えました / すごく楽しみです,7,感觉 / 发现 / 胖 / 丢 / 好 / 教 / 瘦,,文型21,,
36,2ヶ月目,頼む・質問する,何時まで開いていますか / こちらは私の○○です / この住所に行きたいです / 寒いですね / 趣味は何ですか / QRコードはどこですか,6,读 / 查 / 旧 / 多 / 讲 / 说话,,文型22,,
37,2ヶ月目,頼む・質問する,○○に行ったことがあります / 明日○○に行くつもりです / 高すぎます / ここに住んでいるんですか / じゃあ、やめておきます / 地図で教えてもらえますか / 景色がきれいですね,7,紧张 / 回答 / 没有 / 关 / 难过 / 打开 / 离开,,文型23,,
38,2ヶ月目,頼む・質問する,いつですか / これと同じものをください / 何を飲みますか / 一人で来ました / あまり得意じゃないです / ○○に行ったことがありますか / 入ってもいいですか,7,满意 / 不用 / 跑 / 跟 / 奇怪 / 过,,文型24,,
39,2ヶ月目,旅先の場面,現金しかありません / 残念です / 何時に始まりますか / 一緒に写真を撮ってもいいですか / 領収書をください / ○○元でどうですか,6,也许 / 进来 / 复杂 / 起来 / 出发 / 危险 / 肯定,,文型25,,
40,2ヶ月目,自分のこと,まっすぐ行ってください / 中国の文化に興味があります / 中国語を教えてもらえますか / ○○のほうが好きです / 中国に来るのは○○回目です / ○○日間いる予定です / 右ですか、左ですか,7,出门 / 敢 / 安全 / 愿意 / 差不多 / 欢迎,,文型26,,
41,2ヶ月目,旅先の場面,入場料はいくらですか / ちょっと見てもいいですか / 袋はいりません / 次の交差点を右に曲がってください / ○○歳です / 感動しました / 例えば？,7,热闹 / 请客 / 加 / 咸 / 常常 / 扫 / 刷,,文型27,,
42,2ヶ月目,自分のこと,いつ来たんですか / 今何時ですか / 会社員です / びっくりしました / お酒はあまり飲みません / ちょっと辛いです,6,苦 / 订 / 有时候 / 选 / 酸 / 够,,文型28,,
43,2ヶ月目,好き嫌い・気持ち,一番好きなのは○○です / ちょうどいいです / かわいい！ / 午前中は会議があります / チェックアウトは何時ですか / 子どもが○○人います / 甘さ控えめでお願いします,7,差 / 重 / 一般 / 结束 / 开会 / 轻 / 加班,,文型29,,
44,2ヶ月目,自分のこと,○○が話せます / 残りを包んでください / ○○が痛いです / 半分くらいわかりました / 仕事で中国語が必要です / 賛成です / ○○を食べたことがあります,7,终于 / 上课 / 久 / 练习 / 洗澡 / 美 / 突然,,文型30,,
45,2ヶ月目,旅先の場面,ご飯をもう1杯ください / これはどうやって食べますか / タバコは吸いません / ○○を食べたことがありません / お土産には何がいいですか / もう終わりました,6,感冒 / 生病 / 难受 / 发烧 / 赶紧 / 看病,,文型31,,
46,2ヶ月目,予定と過去,何時に出発しますか / ○○時以降なら大丈夫です / 油は少なめでお願いします / ちょっと待って、メモします / 自然栽培のお茶を作っています / それはちょっと違うと思います / 今日の予定は何ですか,7,客气 / 吃药 / 睡 / 聪明 / 慢慢 / 醒 / 喝酒,,文型32,,
47,2ヶ月目,会話をつなぐ技術,袋をください / ○○を話せる人はいますか / 予約は必要ですか / その字はどう書きますか / 中国の友達と話したいからです / 甘すぎます / 明日は空いています,7,热情 / 抽烟 / 千万 / 尝 / 合适 / 做饭,,文型33,,
48,2ヶ月目,旅先の場面,空港までいくらですか / ちょっと待って、違います / 空いている席はありますか / 眠いです / 今回で2回目です / ○○行きの切符を1枚ください,6,同意 / 顺利 / 到底 / 相信 / 放心 / 轻松 / 理解,,文型34,,
49,2ヶ月目,予定と過去,何時に来ればいいですか / 感謝しています / ○○に帰ります / 朝食は付いていますか / 昨日は楽しかったです / 何時に閉まりますか / さっき食べました,7,原来 / 注意 / 无聊 / 小心 / 习惯 / 没意思,,文型35,,
50,2ヶ月目,旅先の場面,氷なしでお願いします / 何時に終わりますか / ○○はまだ行ったことがありません / 小さいサイズでお願いします / 温かいのをください / 入口で待っています / 結婚しています,7,本来 / 发生 / 遇到 / 有用 / 解决 / 一块儿 / 完成,,文型36,,
51,2ヶ月目,旅先の場面,来年また来たいです / お箸をもう一膳ください / 言葉が出てきません / 領収書をもらえますか / 今日は○○をする予定です / どこで乗り換えますか,6,好用 / 当 / 长大 / 正常 / 必须 / 出生,,文型37,,
52,2ヶ月目,頼む・質問する,袋をもらえますか / ほかの色はありますか / これはどうやって使いますか / ○○日に帰国します / スマホで払えませんでした / 昨日○○に行きました / あと○○分で着きます,7,生活 / 棒 / 搬家 / 最好 / 搬 / 吵 / 修,,文型38,,
53,2ヶ月目,自分のこと,ここに並べばいいですか / 気分が悪いです / 家族は○○人です / 緊張しています / 昨日○○をしました / 試着してもいいですか / 茶畑をやっています,7,掉 / 脏 / 确实 / 感谢 / 祝 / 难看 / 恭喜,,文型39,,
54,2ヶ月目,自分のこと,満足です / 明日は忙しいです / 荷物を預かってもらえますか / 週末はよく○○をします / ○○に出発します / この仕事を○○年やっています,6,差点儿 / 照顾 / 快乐 / 帮助 / 还 / 幸福,,文型40,,
55,2ヶ月目,旅先の場面,大人2枚ください / 次の駅はどこですか / 中に何が入っていますか / DiDiを呼びました / みんなで分けて食べます / 毎日お茶を飲みます / 週末は何をしますか,7,从来 / 约 / 接 / 伤心 / 陪 / 老 / 商量,,文型41,,
56,2ヶ月目,予定と過去,道に迷いました / もっと大きいのはありますか / 予定は特にありません / 急いでいます / 時間に間に合いますか / もう少し大きいのはありますか / 何の話でしたっけ,7,红 / 打扰 / 推荐 / 白 / 总 / 建议,,文型42,,
57,2ヶ月目,自分のこと,独身です / 安心しました / 昨日は何をしましたか / 両替はどこでできますか / ちょっと困っています / 味見してもいいですか,6,解释 / 黑 / 开玩笑 / 越来越 / 看懂 / 烦 / 排队,,文型43,,
58,2ヶ月目,会話をつなぐ技術,それは方言ですか / 自営業です / お別れが寂しいです / その日は都合が悪いです / パスポートが要りますか / Wi-Fiがつながりません / 充電させてもらえますか,7,转 / 淡 / 越 / 停 / 迷路 / 浓,,文型44,,
59,2ヶ月目,自分のこと,中国の友達がほしいです / 信じられない / 中国語を始めて○○か月です / 割り勘にしましょう / タクシーを呼んでもらえますか / 奈良は京都の近くです / 終わったら連絡します,7,骑 / 根本 / 走路 / 矮 / 换乘 / 下车 / 低,,文型45,,
60,2ヶ月目,自分のこと,地元の人はどこで食べますか / 学生です / 取り皿をください / 返品できますか / さっきの話に戻りますが / 毎日少しずつ中国語を勉強しています,6,互相 / 赶 / 堵车 / 懒 / 来得及 / 稍微,,文型46,,○
61,3ヶ月目,予定と過去,今夜は空いていますか / メーターを使ってください / ○○アレルギーです / 電話番号を教えてもらえますか / 明日は仕事です,5,迟到 / 笨 / 出差 / 请假 / 失望 / 几乎 / 安排,,文型47,,
62,3ヶ月目,自分のこと,量は多いですか / 朝食は何時からですか / 中国ドラマで中国語を勉強しています / 昨日はよく眠れました / 一人暮らしです,5,确认 / 激动 / 负责 / 全 / 处理 / 兴奋,,文型48,,
63,3ヶ月目,頼む・質問する,心配です / 一度もありません / ここでタバコを吸ってもいいですか / 何番ホームですか / スマホの電池が切れました,5,讨论 / 参加 / 友好 / 只好 / 翻译 / 努力 / 温柔,,文型49,○,
64,3ヶ月目,自分のこと,犬を飼っています / 味が濃いです / 昨日は疲れました / 次のバスは何時ですか / ここは何という所ですか,5,加油 / 难道 / 记 / 严格 / 记住 / 忘记 / 幽默,,文型50,,
65,3ヶ月目,自分のこと,頼んだ料理がまだ来ません / ベジタリアンです / 思ったより良かったです / 予定が変わりました / 何とお呼びすればいいですか,5,反正 / 学会 / 考试 / 大方 / 留学 / 正好,,,,
66,3ヶ月目,自分のこと,ずっと○○に行ってみたかったんです / 次は家族と来たいです / 部屋を替えてもらえますか / 以前、少し習ったことがあります / 中に入れますか,5,办 / 烫 / 申请 / 弄 / 凉 / 光 / 交,,,○,
67,3ヶ月目,会話をつなぐ技術,田舎に住んでいます / なつかしいです / やめてください / 話の途中ですみません / 何回も来ています,5,退 / 地道 / 打折 / 随便 / 买单 / 正宗,,,,
68,3ヶ月目,自分のこと,ここにサインしますか / もう退職しています / 恥ずかしいです / これは頼んだものと違います / 去年も来ました,5,收 / 取 / 油腻 / 顺便 / 存 / 剩 / 清淡,,,,
69,3ヶ月目,旅先の場面,2つ買ったら安くなりますか / ○○年生まれです / 微妙です / 昨日○○を食べました / トランクを開けてください,5,值得 / 重新 / 租 / 乱 / 逛街 / 浪费,,,,
70,3ヶ月目,自分のこと,兄弟は○○人います / あっさりしていますね / 明日の朝は早いです / 終電は何時ですか / 大学で○○を勉強しました,5,绿 / 早就 / 打包 / 寄 / 亮 / 退房 / 就要,,,○,
71,3ヶ月目,旅先の場面,都合のいい日はいつですか / 日本茶を海外に紹介したいです / ○○を追加できますか / もう一度スキャンしてもいいですか / サイズを交換できますか,5,入住 / 宽 / 开门 / 关门 / 窄 / 快要,,,,
72,3ヶ月目,会話をつなぐ技術,お湯が出ません / 話がそれましたね / 日本食が恋しいです / 少し休ませてください / 昔、○○に住んでいました,5,上网 / 充电 / 深 / 拍 / 立刻 / 照相 / 厚,,,,
73,3ヶ月目,好き嫌い・気持ち,いつか○○に行ってみたいです / デポジットはいくらですか / しょっぱすぎます / 前に一度会いましたよね / 想像と違いました,5,唱歌 / 散步 / 薄 / 偶尔 / 运动 / 锻炼,,,○,
74,3ヶ月目,旅先の場面,必ず行きます / 個室はありますか / 一泊延長できますか / 両親と住んでいます / ○○をなくしました,5,干燥 / 游泳 / 尤其 / 减肥 / 潮湿 / 放松 / 躺,,,,
75,3ヶ月目,自分のこと,ちょっと怖いです / 先週来ました / タオルをもう1枚ください / 朝が早いです / ホテルに帰りたいです,5,准时 / 另外 / 吐 / 咳嗽 / 划算 / 拉肚子 / 至少,,,,
76,3ヶ月目,好き嫌い・気持ち,ちょっと苦いです / 明日に変更できますか / お茶の淹れ方を教えています / 計算が間違っているようです / このお茶、後味が甘いですね,5,受伤 / 满 / 检查 / 过敏 / 空 / 简直,,,,
77,3ヶ月目,予定と過去,今日は行けなくなりました / 家族で農業をしています / 落ち着きます / 明日は雨らしいです / 常温でお願いします,5,睡着 / 脱 / 自然 / 戴 / 果然 / 收拾 / 熟悉,,,○,
78,3ヶ月目,旅先の場面,ガイドの説明はありますか / わくわくします / おつりが違います / ○○が壊れています / 悲しいです,5,干杯 / 下雨 / 普通 / 居然 / 讨厌 / 害怕,,,,
79,3ヶ月目,会話をつなぐ技術,熱があります / それはネットスラングですか / 一人っ子です / ○○年前に来たことがあります / 日本に送れますか,5,流行 / 后悔 / 故意 / 关心 / 精彩 / 确定 / 猜,,,,
80,3ヶ月目,困ったとき,癒されます / 風邪をひきました / 古民家でカフェもやっています / 危ない！ / お金が足りません,5,糟糕 / 专门 / 道歉 / 原谅 / 难听 / 答应,,,○,
81,3ヶ月目,旅先の場面,部屋の掃除をお願いします / 明日の朝○○時に起こしてください / 病院に連れて行ってもらえますか / 子どもはもう大人です / それも一理ありますね,5,到处 / 邀请 / 难喝 / 提醒 / 回复 / 专业 / 一边,,,,
82,3ヶ月目,自分のこと,昨日は一日中歩きました / わざとじゃないんです / 毎朝散歩しています / 来月○○に行きます / 誕生日は○○です,5,留 / 偷 / 不同 / 报警 / 恐怕 / 扔,,,,
83,3ヶ月目,自分のこと,来週また中国に来ます / これは正規品ですか / 助けて！ / 将来、中国で働きたいです / うらやましいです,5,好找 / 挂 / 站 / 好学 / 随时 / 继续 / 坚持,,,,
84,3ヶ月目,困ったとき,免税できますか / 部屋に入れません / 孫がいます / 雨なら行きません / ○○に忘れ物をしました,5,害羞 / 放弃 / 幸亏 / 得到 / 严重 / 涨,,,○,
85,3ヶ月目,困ったとき,お腹をこわしました / ペットは飼っていません / 気まずいですね / 日本語の案内はありますか / 風邪薬はありますか,5,,,,,
86,3ヶ月目,自分のこと,運動はあまりしません / それは大げさです / 夜型です / がっかりしました / 干支は○○です,5,,,,,
87,3ヶ月目,自分のこと,ポッドキャストをやっています / 転職したばかりです / イライラします / 昨日電話しました / 吐き気がします,5,,,,○,
88,3ヶ月目,自分のこと,引っ越したばかりです / ストレスがたまっています / 朝○○に起きました / 退屈です / 血液型は○○型です,5,,,,,
89,3ヶ月目,困ったとき,腹が立ちました / 電車に乗り遅れました / 祖父母も農家でした / けがをしました / 救急車を呼んでください,5,,,,,
90,3ヶ月目,困ったとき,もう限界です / 警察を呼んでください / 友達とはぐれました / ○○を盗まれました / 日本大使館に連絡したいです,5,,,,,○
