No.,カテゴリ,言いたいこと,優先度,差し替え,自分専用,Day,中国語,ピンイン,メモ
101,会話をつなぐ技術,もう一度言ってもらえますか,★★★,,,1,能再说一遍吗？,Néng zài shuō yí biàn ma?,
102,会話をつなぐ技術,もう少しゆっくり話してください,★★★,,,1,请说慢一点。,Qǐng shuō màn yìdiǎn.,
103,会話をつなぐ技術,○○ってどういう意味ですか,★★★,単語,,1,○○是什么意思？,○○ shì shénme yìsi?,
104,会話をつなぐ技術,中国語で○○って何て言いますか,★★★,単語,,1,○○用中文怎么说？,○○ yòng Zhōngwén zěnme shuō?,
105,会話をつなぐ技術,えーっと、ちょっと待ってください,★★★,,,1,那个……请等一下。,Nàge…… qǐng děng yíxià.,「那个」は考え中のつなぎ言葉
106,会話をつなぐ技術,まだ勉強中で、少ししか話せません,★★★,,,2,我还在学，只会说一点儿。,"Wǒ hái zài xué, zhǐ huì shuō yìdiǎnr.",
107,会話をつなぐ技術,わかりました,★★★,,,2,明白了。,Míngbai le.,
108,会話をつなぐ技術,よくわかりません,★★★,,,2,我不太明白。,Wǒ bú tài míngbai.,
109,会話をつなぐ技術,聞き取れませんでした,★★★,,,2,我没听懂。,Wǒ méi tīngdǒng.,
110,会話をつなぐ技術,はい、そうです,★★★,,,2,对，是的。,"Duì, shì de.",
111,会話をつなぐ技術,いいえ、違います,★★★,,,3,不是。,Bú shì.,
112,会話をつなぐ技術,なるほど,★★★,,,3,原来是这样。,Yuánlái shì zhèyàng.,
113,会話をつなぐ技術,本当ですか,★★★,,,3,真的吗？,Zhēn de ma?,
114,会話をつなぐ技術,ちょっと書いてもらえますか,★★★,,,3,能写一下吗？,Néng xiě yíxià ma?,
115,会話をつなぐ技術,簡単な言葉で言ってもらえますか,★★★,,,3,能说简单一点吗？,Néng shuō jiǎndān yìdiǎn ma?,
116,会話をつなぐ技術,中国語はまだ下手です,★★★,,,4,我的中文还不太好。,Wǒ de Zhōngwén hái bú tài hǎo.,
117,会話をつなぐ技術,英語は話せますか,★★★,,,4,你会说英语吗？,Nǐ huì shuō Yīngyǔ ma?,
118,会話をつなぐ技術,○○ってことですか,★★★,単語,,4,你是说○○吗？,Nǐ shì shuō ○○ ma?,相手の言葉を確認するとき
119,会話をつなぐ技術,今、何て言いましたか,★★★,,,4,您刚才说什么？,Nín gāngcái shuō shénme?,
120,会話をつなぐ技術,そうですね,★★★,,,4,是啊。,Shì a.,相づち
121,会話をつなぐ技術,いいですよ,★★★,,,5,好的。,Hǎo de.,
122,会話をつなぐ技術,大丈夫です、問題ないです,★★★,,,5,没问题。,Méi wèntí.,
123,会話をつなぐ技術,ちょっと考えさせてください,★★★,,,5,让我想一想。,Ràng wǒ xiǎng yi xiǎng.,
124,会話をつなぐ技術,なんて言えばいいかな,★★★,,,5,怎么说呢……,Zěnme shuō ne……,言葉を探す間のつなぎ
125,会話をつなぐ技術,ゆっくりならわかります,★★★,,,5,说慢一点我就能听懂。,Shuō màn yìdiǎn wǒ jiù néng tīngdǒng.,
126,会話をつなぐ技術,これは中国語で何ですか,★★★,,,6,这个中文叫什么？,Zhège Zhōngwén jiào shénme?,物を指さして
127,会話をつなぐ技術,私の言い方、合っていますか,★★★,,,6,我说得对吗？,Wǒ shuō de duì ma?,
128,会話をつなぐ技術,そうなんですか,★★★,,,6,是吗？,Shì ma?,相づち
129,会話をつなぐ技術,私の中国語、わかりますか,★★★,,,6,你能听懂我的中文吗？,Nǐ néng tīngdǒng wǒ de Zhōngwén ma?,
130,会話をつなぐ技術,翻訳アプリを使ってもいいですか,★★★,,,6,我可以用翻译软件吗？,Wǒ kěyǐ yòng fānyì ruǎnjiàn ma?,
131,会話をつなぐ技術,もう少し大きい声でお願いします,★★,,,31,请大声一点。,Qǐng dàshēng yìdiǎn.,
132,会話をつなぐ技術,私の発音、合っていますか,★★,,,31,我的发音对吗？,Wǒ de fāyīn duì ma?,
133,会話をつなぐ技術,ピンインで書いてもらえますか,★★,,,31,能写一下拼音吗？,Néng xiě yíxià pīnyīn ma?,
134,会話をつなぐ技術,○○って言いたいんですが,★★,単語,,31,我想说的是○○。,Wǒ xiǎng shuō de shì ○○.,
135,会話をつなぐ技術,話がそれましたね,★★,,,31,扯远了。,Chě yuǎn le.,
136,会話をつなぐ技術,さっきの話に戻りますが,★★,,,31,回到刚才的话题。,Huídào gāngcái de huàtí.,
137,会話をつなぐ技術,それで？,★★,,,31,然后呢？,Ránhòu ne?,続きを促す
138,会話をつなぐ技術,例えば？,★★,,,32,比如说？,Bǐrú shuō?,
139,会話をつなぐ技術,確かに,★★,,,32,确实。,Quèshí.,
140,会話をつなぐ技術,ちょっと待って、メモします,★★,,,32,等一下，我记一下。,"Děng yíxià, wǒ jì yíxià.",
141,会話をつなぐ技術,○○は何て読みますか,★★,単語,,32,○○怎么念？,○○ zěnme niàn?,漢字の読み方を聞く
142,会話をつなぐ技術,全部はわかりませんでした,★★,,,32,我没有全听懂。,Wǒ méiyǒu quán tīngdǒng.,
143,会話をつなぐ技術,半分くらいわかりました,★★,,,32,我听懂了一半。,Wǒ tīngdǒng le yíbàn.,
144,会話をつなぐ技術,間違えたら教えてください,★★,,,32,我说错了请告诉我。,Wǒ shuō cuò le qǐng gàosu wǒ.,
145,会話をつなぐ技術,何の話でしたっけ,★★,,,33,我们刚才说到哪儿了？,Wǒmen gāngcái shuōdào nǎr le?,
146,会話をつなぐ技術,言葉が出てきません,★,,,61,话到嘴边说不出来。,Huà dào zuǐ biān shuō bu chūlái.,
147,会話をつなぐ技術,それは方言ですか,★,,,61,这是方言吗？,Zhè shì fāngyán ma?,
148,会話をつなぐ技術,その字はどう書きますか,★,,,61,这个字怎么写？,Zhège zì zěnme xiě?,
149,会話をつなぐ技術,話の途中ですみません,★,,,61,不好意思，打断一下。,"Bù hǎoyìsi, dǎduàn yíxià.",
150,会話をつなぐ技術,それはネットスラングですか,★,,,61,这是网络用语吗？,Zhè shì wǎngluò yòngyǔ ma?,
201,自分のこと,はじめまして,★★★,,,7,你好，初次见面。,"Nǐ hǎo, chūcì jiànmiàn.",
202,自分のこと,私は○○です,★★★,人,○,7,我叫○○。,Wǒ jiào ○○.,名前を入れる
203,自分のこと,日本から来ました,★★★,,,7,我是从日本来的。,Wǒ shì cóng Rìběn lái de.,
204,自分のこと,日本人です,★★★,,,7,我是日本人。,Wǒ shì Rìběnrén.,
205,自分のこと,○○に住んでいます,★★★,都市,○,7,我住在○○。,Wǒ zhù zài ○○.,
206,自分のこと,○○の仕事をしています,★★★,仕事,○,8,我是做○○工作的。,Wǒ shì zuò ○○ gōngzuò de.,
207,自分のこと,よろしくお願いします,★★★,,,8,请多关照。,Qǐng duō guānzhào.,
208,自分のこと,中国語を勉強しています,★★★,,,8,我在学中文。,Wǒ zài xué Zhōngwén.,
209,自分のこと,奈良でお茶を作っています,★★★,,○,8,我在奈良做茶。,Wǒ zài Nàiliáng zuò chá.,
210,自分のこと,○○と呼んでください,★★★,人,○,8,叫我○○就行。,Jiào wǒ ○○ jiù xíng.,呼び名を入れる
211,自分のこと,中国は初めてです,★★★,,○,9,我第一次来中国。,Wǒ dì-yī cì lái Zhōngguó.,
212,自分のこと,旅行で来ました,★★★,,○,9,我是来旅游的。,Wǒ shì lái lǚyóu de.,
213,自分のこと,仕事で来ました,★★★,,○,9,我是来出差的。,Wǒ shì lái chūchāi de.,
214,自分のこと,○○歳です,★★★,数,○,9,我○○岁。,Wǒ ○○ suì.,
215,自分のこと,○○の出身です,★★★,都市,○,9,我是○○人。,Wǒ shì ○○ rén.,
216,自分のこと,中国語を勉強して○○か月です,★★★,数,○,10,我学中文学了○○个月。,Wǒ xué Zhōngwén xué le ○○ ge yuè.,
217,自分のこと,一人で来ました,★★★,,○,10,我一个人来的。,Wǒ yí ge rén lái de.,
218,自分のこと,友達と来ました,★★★,,○,10,我跟朋友一起来的。,Wǒ gēn péngyou yìqǐ lái de.,
219,自分のこと,子どもが○○人います,★★,数,○,33,我有○○个孩子。,Wǒ yǒu ○○ ge háizi.,
220,自分のこと,趣味は○○です,★★,趣味,○,33,我的爱好是○○。,Wǒ de àihào shì ○○.,
221,自分のこと,結婚しています,★★,,○,33,我结婚了。,Wǒ jiéhūn le.,
222,自分のこと,独身です,★★,,○,33,我还是单身。,Wǒ hái shì dānshēn.,
223,自分のこと,家族は○○人です,★★,数,○,33,我家有○○口人。,Wǒ jiā yǒu ○○ kǒu rén.,
224,自分のこと,名刺です、どうぞ,★★,,,34,这是我的名片。,Zhè shì wǒ de míngpiàn.,
225,自分のこと,会社員です,★★,,○,34,我是上班族。,Wǒ shì shàngbānzú.,
226,自分のこと,自営業です,★★,,○,34,我自己做生意。,Wǒ zìjǐ zuò shēngyi.,
227,自分のこと,自然栽培のお茶を作っています,★★,,○,34,我做自然农法的茶。,Wǒ zuò zìrán nóngfǎ de chá.,農薬・肥料を使わない栽培
228,自分のこと,茶畑をやっています,★★,,○,34,我有一片茶园。,Wǒ yǒu yí piàn cháyuán.,
229,自分のこと,○○で働いています,★★,場所,○,34,我在○○工作。,Wǒ zài ○○ gōngzuò.,
230,自分のこと,中国の友達と話したいからです,★★,,○,34,因为想跟中国朋友聊天。,Yīnwèi xiǎng gēn Zhōngguó péngyou liáotiān.,中国語を学ぶ理由を聞かれて
231,自分のこと,仕事で中国語が必要です,★★,,○,35,工作需要用中文。,Gōngzuò xūyào yòng Zhōngwén.,
232,自分のこと,中国の文化に興味があります,★★,,○,35,我对中国文化很感兴趣。,Wǒ duì Zhōngguó wénhuà hěn gǎn xìngqù.,
233,自分のこと,○○が話せます,★★,言語,○,35,我会说○○。,Wǒ huì shuō ○○.,
234,自分のこと,中国に来るのは○○回目です,★★,数,○,35,这是我第○○次来中国。,Zhè shì wǒ dì ○○ cì lái Zhōngguó.,
235,自分のこと,中国の友達がほしいです,★★,,○,35,我想交中国朋友。,Wǒ xiǎng jiāo Zhōngguó péngyou.,
236,自分のこと,週末はよく○○をします,★★,すること,○,35,周末我常常○○。,Zhōumò wǒ chángcháng ○○.,
237,自分のこと,こちらは私の○○です,★★,家族,,35,这是我的○○。,Zhè shì wǒ de ○○.,家族を紹介するとき
238,自分のこと,両親と住んでいます,★★,,○,36,我跟父母一起住。,Wǒ gēn fùmǔ yìqǐ zhù.,
239,自分のこと,一人暮らしです,★★,,○,36,我一个人住。,Wǒ yí ge rén zhù.,
240,自分のこと,田舎に住んでいます,★★,,○,36,我住在乡下。,Wǒ zhù zài xiāngxia.,
241,自分のこと,奈良は京都の近くです,★★,,,36,奈良离京都很近。,Nàiliáng lí Jīngdū hěn jìn.,
242,自分のこと,毎日お茶を飲みます,★★,,○,36,我每天都喝茶。,Wǒ měitiān dōu hē chá.,
243,自分のこと,WeChatを持っています,★★,,○,36,我有微信。,Wǒ yǒu Wēixìn.,
244,自分のこと,犬を飼っています,★★,,○,37,我养了一只狗。,Wǒ yǎng le yì zhī gǒu.,
245,自分のこと,もう退職しています,★★,,○,37,我已经退休了。,Wǒ yǐjīng tuìxiū le.,
246,自分のこと,学生です,★★,,○,37,我是学生。,Wǒ shì xuésheng.,
247,自分のこと,○○に行ったことがあります,★★,都市,○,37,我去过○○。,Wǒ qùguo ○○.,
248,自分のこと,この仕事を○○年やっています,★★,数,○,37,我做这行○○年了。,Wǒ zuò zhè háng ○○ nián le.,
249,自分のこと,朝が早いです,★★,,○,37,我每天起得很早。,Wǒ měitiān qǐ de hěn zǎo.,
250,自分のこと,お酒はあまり飲みません,★★,,○,37,我不太喝酒。,Wǒ bú tài hē jiǔ.,
251,自分のこと,タバコは吸いません,★★,,○,38,我不抽烟。,Wǒ bù chōuyān.,
252,自分のこと,○○が食べられません,★★,食べ物,○,38,我不能吃○○。,Wǒ bù néng chī ○○.,アレルギー・食事制限
253,自分のこと,毎日少しずつ中国語を勉強しています,★★,,○,38,我每天学一点中文。,Wǒ měitiān xué yìdiǎn Zhōngwén.,
254,自分のこと,○○年生まれです,★,数,○,62,我是○○年出生的。,Wǒ shì ○○ nián chūshēng de.,
255,自分のこと,ペットは飼っていません,★,,○,62,我没养宠物。,Wǒ méi yǎng chǒngwù.,
256,自分のこと,ベジタリアンです,★,,○,62,我吃素。,Wǒ chī sù.,
257,自分のこと,兄弟は○○人います,★,数,○,62,我有○○个兄弟姐妹。,Wǒ yǒu ○○ ge xiōngdì jiěmèi.,
258,自分のこと,一人っ子です,★,,○,62,我是独生子女。,Wǒ shì dúshēng zǐnǚ.,
259,自分のこと,血液型は○○型です,★,単語,○,63,我是○○型血。,Wǒ shì ○○ xíng xuè.,中国では話題になりにくい
260,自分のこと,昔、○○に住んでいました,★,都市,○,63,我以前在○○住过。,Wǒ yǐqián zài ○○ zhùguo.,
261,自分のこと,大学で○○を勉強しました,★,単語,○,63,我大学学的是○○。,Wǒ dàxué xué de shì ○○.,専攻を入れる
262,自分のこと,お茶の淹れ方を教えています,★,,○,63,我教人怎么泡茶。,Wǒ jiāo rén zěnme pào chá.,
263,自分のこと,古民家でカフェもやっています,★,,○,63,我还在老房子里开了家咖啡馆。,Wǒ hái zài lǎo fángzi li kāi le jiā kāfēiguǎn.,
264,自分のこと,家族で農業をしています,★,,○,64,我们家是务农的。,Wǒmen jiā shì wùnóng de.,
265,自分のこと,日本茶を海外に紹介したいです,★,,○,64,我想把日本茶介绍到国外。,Wǒ xiǎng bǎ Rìběn chá jièshào dào guówài.,
266,自分のこと,将来、中国で働きたいです,★,,○,64,我以后想在中国工作。,Wǒ yǐhòu xiǎng zài Zhōngguó gōngzuò.,
267,自分のこと,ずっと○○に行ってみたかったんです,★,都市,○,64,我一直想去○○。,Wǒ yìzhí xiǎng qù ○○.,
268,自分のこと,孫がいます,★,,○,64,我有孙子孙女了。,Wǒ yǒu sūnzi sūnnǚ le.,
269,自分のこと,子どもはもう大人です,★,,○,65,孩子们都大了。,Háizimen dōu dà le.,
270,自分のこと,運動はあまりしません,★,,○,65,我不怎么运动。,Wǒ bù zěnme yùndòng.,
271,自分のこと,毎朝散歩しています,★,,○,65,我每天早上散步。,Wǒ měitiān zǎoshang sànbù.,
272,自分のこと,夜型です,★,,○,65,我是夜猫子。,Wǒ shì yèmāozi.,
273,自分のこと,中国ドラマで中国語を勉強しています,★,,○,65,我看中国电视剧学中文。,Wǒ kàn Zhōngguó diànshìjù xué Zhōngwén.,
274,自分のこと,以前、少し習ったことがあります,★,,○,66,我以前学过一点。,Wǒ yǐqián xuéguo yìdiǎn.,
275,自分のこと,転職したばかりです,★,,○,66,我刚换了工作。,Wǒ gāng huàn le gōngzuò.,
276,自分のこと,引っ越したばかりです,★,,○,66,我刚搬家。,Wǒ gāng bānjiā.,
277,自分のこと,誕生日は○○です,★,日・曜日,○,66,我的生日是○○。,Wǒ de shēngrì shì ○○.,
278,自分のこと,干支は○○です,★,単語,○,66,我属○○。,Wǒ shǔ ○○.,十二支の動物を入れる
279,自分のこと,祖父母も農家でした,★,,○,67,我爷爷奶奶也是农民。,Wǒ yéye nǎinai yě shì nóngmín.,
280,自分のこと,ポッドキャストをやっています,★,,○,67,我在做播客。,Wǒ zài zuò bōkè.,
301,好き嫌い・気持ち,これ、すごく好きです,★★★,,,22,这个我特别喜欢。,Zhège wǒ tèbié xǐhuan.,
302,好き嫌い・気持ち,楽しかったです,★★★,,,22,玩得很开心。,Wán de hěn kāixīn.,
303,好き嫌い・気持ち,おいしかったです,★★★,,,22,太好吃了！,Tài hǎochī le!,
304,好き嫌い・気持ち,すごい！,★★★,,,22,太厉害了！,Tài lìhai le!,
305,好き嫌い・気持ち,きれいですね,★★★,,,23,真漂亮！,Zhēn piàoliang!,
306,好き嫌い・気持ち,うれしいです,★★★,,,23,我很高兴。,Wǒ hěn gāoxìng.,
307,好き嫌い・気持ち,いいですね,★★★,,,23,不错啊。,Búcuò a.,
308,好き嫌い・気持ち,○○が好きです,★★★,物,○,23,我喜欢○○。,Wǒ xǐhuan ○○.,
309,好き嫌い・気持ち,○○は苦手です,★★★,物,○,23,我不太喜欢○○。,Wǒ bú tài xǐhuan ○○.,
310,好き嫌い・気持ち,面白いですね,★★★,,,24,真有意思。,Zhēn yǒu yìsi.,
311,好き嫌い・気持ち,私もそう思います,★★★,,,24,我也这么觉得。,Wǒ yě zhème juéde.,
312,好き嫌い・気持ち,感動しました,★★★,,,24,我很感动。,Wǒ hěn gǎndòng.,
313,好き嫌い・気持ち,あまり得意じゃないです,★★,,,48,我不太擅长。,Wǒ bú tài shàncháng.,
314,好き嫌い・気持ち,ちょっと疲れました,★★,,,48,我有点儿累了。,Wǒ yǒudiǎnr lèi le.,
315,好き嫌い・気持ち,辛いものは苦手です,★★,,○,49,我不太能吃辣。,Wǒ bú tài néng chī là.,
316,好き嫌い・気持ち,まあまあです,★★,,,49,还行吧。,Hái xíng ba.,
317,好き嫌い・気持ち,最高です,★★,,,49,太棒了！,Tài bàng le!,
318,好き嫌い・気持ち,びっくりしました,★★,,,49,吓我一跳。,Xià wǒ yí tiào.,
319,好き嫌い・気持ち,残念です,★★,,,49,太可惜了。,Tài kěxī le.,
320,好き嫌い・気持ち,緊張しています,★★,,,49,我有点儿紧张。,Wǒ yǒudiǎnr jǐnzhāng.,
321,好き嫌い・気持ち,それはちょっと違うと思います,★★,,,49,我不太同意。,Wǒ bú tài tóngyì.,やわらかい反対
322,好き嫌い・気持ち,賛成です,★★,,,50,我同意。,Wǒ tóngyì.,
323,好き嫌い・気持ち,甘すぎます,★★,,,50,太甜了。,Tài tián le.,
324,好き嫌い・気持ち,ちょっと辛いです,★★,,,50,有点儿辣。,Yǒudiǎnr là.,
325,好き嫌い・気持ち,いい香りですね,★★,,,50,好香啊！,Hǎo xiāng a!,
326,好き嫌い・気持ち,また来たいです,★★,,,50,我还想再来。,Wǒ hái xiǎng zài lái.,
327,好き嫌い・気持ち,すごく楽しみです,★★,,,50,我很期待。,Wǒ hěn qīdài.,
328,好き嫌い・気持ち,安心しました,★★,,,50,我放心了。,Wǒ fàngxīn le.,
329,好き嫌い・気持ち,お腹いっぱいです,★★,,,51,我吃饱了。,Wǒ chībǎo le.,
330,好き嫌い・気持ち,眠いです,★★,,,51,我困了。,Wǒ kùn le.,
331,好き嫌い・気持ち,暑いですね,★★,,,51,好热啊。,Hǎo rè a.,
332,好き嫌い・気持ち,寒いですね,★★,,,51,好冷啊。,Hǎo lěng a.,
333,好き嫌い・気持ち,一番好きなのは○○です,★★,物,○,51,我最喜欢○○。,Wǒ zuì xǐhuan ○○.,
334,好き嫌い・気持ち,日本食が恋しいです,★★,,,51,我想吃日本菜了。,Wǒ xiǎng chī Rìběn cài le.,
335,好き嫌い・気持ち,なつかしいです,★★,,,52,好怀念啊。,Hǎo huáiniàn a.,
336,好き嫌い・気持ち,ちょっと高いですね,★★,,,52,有点儿贵。,Yǒudiǎnr guì.,
337,好き嫌い・気持ち,ちょうどいいです,★★,,,52,正好。,Zhènghǎo.,
338,好き嫌い・気持ち,満足です,★★,,,52,我挺满意的。,Wǒ tǐng mǎnyì de.,
339,好き嫌い・気持ち,大丈夫、気にしないで,★★,,,52,没关系，别在意。,"Méi guānxi, bié zàiyì.",
340,好き嫌い・気持ち,かわいい！,★★,,,52,好可爱！,Hǎo kě'ài!,
341,好き嫌い・気持ち,悲しいです,★★,,,52,我很难过。,Wǒ hěn nánguò.,
342,好き嫌い・気持ち,お別れが寂しいです,★★,,,53,真舍不得你们。,Zhēn shěbude nǐmen.,
343,好き嫌い・気持ち,腹が立ちました,★,,,76,我生气了。,Wǒ shēngqì le.,
344,好き嫌い・気持ち,イライラします,★,,,76,好烦啊。,Hǎo fán a.,
345,好き嫌い・気持ち,気まずいですね,★,,,76,好尴尬啊。,Hǎo gāngà a.,
346,好き嫌い・気持ち,恥ずかしいです,★,,,76,我有点儿不好意思。,Wǒ yǒudiǎnr bù hǎoyìsi.,
347,好き嫌い・気持ち,うらやましいです,★,,,77,好羡慕啊。,Hǎo xiànmù a.,
348,好き嫌い・気持ち,心配です,★,,,77,我有点儿担心。,Wǒ yǒudiǎnr dānxīn.,
349,好き嫌い・気持ち,ストレスがたまっています,★,,,77,我压力很大。,Wǒ yālì hěn dà.,
350,好き嫌い・気持ち,退屈です,★,,,77,好无聊。,Hǎo wúliáo.,
351,好き嫌い・気持ち,ちょっと怖いです,★,,,77,有点儿可怕。,Yǒudiǎnr kěpà.,
352,好き嫌い・気持ち,信じられない,★,,,78,真不敢相信。,Zhēn bù gǎn xiāngxìn.,
353,好き嫌い・気持ち,微妙です,★,,,78,一般般吧。,Yìbānbān ba.,
354,好き嫌い・気持ち,しょっぱすぎます,★,,,78,太咸了。,Tài xián le.,
355,好き嫌い・気持ち,ちょっと苦いです,★,,,78,有点儿苦。,Yǒudiǎnr kǔ.,
356,好き嫌い・気持ち,あっさりしていますね,★,,,78,很清淡。,Hěn qīngdàn.,
357,好き嫌い・気持ち,味が濃いです,★,,,79,味道太重了。,Wèidao tài zhòng le.,
358,好き嫌い・気持ち,このお茶、後味が甘いですね,★,,,79,这茶有回甘。,Zhè chá yǒu huígān.,茶の褒め言葉
359,好き嫌い・気持ち,○○のほうが好きです,★,物,○,79,我更喜欢○○。,Wǒ gèng xǐhuan ○○.,
360,好き嫌い・気持ち,どちらでもいいです,★,,,79,都可以。,Dōu kěyǐ.,
361,好き嫌い・気持ち,それは大げさです,★,,,79,有点儿夸张了。,Yǒudiǎnr kuāzhāng le.,
362,好き嫌い・気持ち,それも一理ありますね,★,,,80,也有道理。,Yě yǒu dàolǐ.,
363,好き嫌い・気持ち,想像と違いました,★,,,80,跟我想象的不一样。,Gēn wǒ xiǎngxiàng de bù yíyàng.,
364,好き嫌い・気持ち,思ったより良かったです,★,,,80,比我想象的好。,Bǐ wǒ xiǎngxiàng de hǎo.,
365,好き嫌い・気持ち,癒されます,★,,,80,很治愈。,Hěn zhìyù.,
366,好き嫌い・気持ち,落ち着きます,★,,,80,让人很放松。,Ràng rén hěn fàngsōng.,
367,好き嫌い・気持ち,わくわくします,★,,,81,好激动啊。,Hǎo jīdòng a.,
368,好き嫌い・気持ち,がっかりしました,★,,,81,有点儿失望。,Yǒudiǎnr shīwàng.,
369,好き嫌い・気持ち,もう限界です,★,,,81,我受不了了。,Wǒ shòu bu liǎo le.,
370,好き嫌い・気持ち,感謝しています,★,,,81,我很感激。,Wǒ hěn gǎnjī.,
401,予定と過去,○○に来るのは初めてです,★★★,都市,,24,我第一次来○○。,Wǒ dì-yī cì lái ○○.,
402,予定と過去,明日は何をしますか,★★★,,,24,你明天干什么？,Nǐ míngtiān gàn shénme?,
403,予定と過去,まだ決めていません,★★★,,,25,还没决定。,Hái méi juédìng.,
404,予定と過去,一緒に行きませんか,★★★,,,25,要不要一起去？,Yào bú yào yìqǐ qù?,
405,予定と過去,何時に会いましょうか,★★★,,,25,我们几点见？,Wǒmen jǐ diǎn jiàn?,
406,予定と過去,○○に会いましょう,★★★,時刻・時間帯,,25,我们○○见。,Wǒmen ○○ jiàn.,○○に「三点」など時刻
407,予定と過去,どこで会いましょうか,★★★,,,25,我们在哪儿见？,Wǒmen zài nǎr jiàn?,
408,予定と過去,少し遅れます,★★★,,,26,我会晚一点儿到。,Wǒ huì wǎn yìdiǎnr dào.,
409,予定と過去,もうすぐ着きます,★★★,,,26,我马上到。,Wǒ mǎshàng dào.,
410,予定と過去,今着きました,★★★,,,26,我到了。,Wǒ dào le.,
411,予定と過去,晩ご飯を一緒にどうですか,★★★,,,26,一起吃个晚饭吧！,Yìqǐ chī ge wǎnfàn ba!,
412,予定と過去,昨日着きました,★★★,,,26,我昨天到的。,Wǒ zuótiān dào de.,
413,予定と過去,また来ます,★★★,,,27,我还会再来的。,Wǒ hái huì zài lái de.,
414,予定と過去,今度また会いましょう,★★★,,,27,改天再见！,Gǎitiān zài jiàn!,
415,予定と過去,後で連絡します,★★★,,,27,我回头联系你。,Wǒ huítóu liánxì nǐ.,
416,予定と過去,これから○○に行きます,★★★,場所,,27,我现在去○○。,Wǒ xiànzài qù ○○.,
417,予定と過去,今○○にいます,★★★,場所,,27,我现在在○○。,Wǒ xiànzài zài ○○.,
418,予定と過去,出張で来ました,★★★,,,28,我是来出差的。,Wǒ shì lái chūchāi de.,
419,予定と過去,旅行で来ました,★★★,,,28,我是来旅游的。,Wǒ shì lái lǚyóu de.,
420,予定と過去,楽しみにしています,★★★,,,28,我很期待。,Wǒ hěn qīdài.,
421,予定と過去,明日○○に行くつもりです,★★,場所,,53,明天我打算去○○。,Míngtiān wǒ dǎsuàn qù ○○.,
422,予定と過去,昨日○○をしました,★★,すること,,53,我昨天○○了。,Wǒ zuótiān ○○ le.,○○に「爬山」など動作
423,予定と過去,今日の予定は何ですか,★★,,,53,你今天有什么安排？,Nǐ jīntiān yǒu shénme ānpái?,
424,予定と過去,週末は何をしますか,★★,,,53,你周末干什么？,Nǐ zhōumò gàn shénme?,
425,予定と過去,昨日は何をしましたか,★★,,,53,你昨天干什么了？,Nǐ zuótiān gàn shénme le?,
426,予定と過去,予定は特にありません,★★,,,53,我没什么安排。,Wǒ méi shénme ānpái.,
427,予定と過去,明日は空いています,★★,,,54,我明天有空。,Wǒ míngtiān yǒu kòng.,
428,予定と過去,明日は忙しいです,★★,,,54,我明天很忙。,Wǒ míngtiān hěn máng.,
429,予定と過去,その日は都合が悪いです,★★,,,54,那天我不太方便。,Nà tiān wǒ bú tài fāngbiàn.,
430,予定と過去,今夜は空いていますか,★★,,,54,你今晚有空吗？,Nǐ jīnwǎn yǒu kòng ma?,
431,予定と過去,○○に行ったことがあります,★★,場所,,54,我去过○○。,Wǒ qùguo ○○.,
432,予定と過去,○○に行ったことがありますか,★★,場所,,54,你去过○○吗？,Nǐ qùguo ○○ ma?,
433,予定と過去,○○を食べたことがあります,★★,食べ物,,55,我吃过○○。,Wǒ chīguo ○○.,
434,予定と過去,○○を食べたことがありません,★★,食べ物,,55,我没吃过○○。,Wǒ méi chīguo ○○.,
435,予定と過去,今回で2回目です,★★,,,55,这是第二次。,Zhè shì dì-èr cì.,
436,予定と過去,○○に帰ります,★★,日・曜日,,55,我○○回去。,Wǒ ○○ huíqu.,
437,予定と過去,いつ帰りますか,★★,,,55,你什么时候回去？,Nǐ shénme shíhou huíqu?,
438,予定と過去,○○日間いる予定です,★★,数,,55,我打算待○○天。,Wǒ dǎsuàn dāi ○○ tiān.,
439,予定と過去,いつ来たんですか,★★,,,55,你什么时候来的？,Nǐ shénme shíhou lái de?,
440,予定と過去,来年また来たいです,★★,,,56,明年我还想再来。,Míngnián wǒ hái xiǎng zài lái.,
441,予定と過去,明日は仕事です,★★,,,56,我明天要上班。,Wǒ míngtiān yào shàngbān.,
442,予定と過去,今日は○○をする予定です,★★,すること,,56,我今天打算○○。,Wǒ jīntiān dǎsuàn ○○.,
443,予定と過去,昨日は楽しかったです,★★,,,56,昨天玩儿得很开心。,Zuótiān wánr de hěn kāixīn.,
444,予定と過去,昨日○○に行きました,★★,場所,,56,我昨天去了○○。,Wǒ zuótiān qùle ○○.,
445,予定と過去,さっき食べました,★★,,,56,我刚吃过了。,Wǒ gāng chīguo le.,
446,予定と過去,もう終わりました,★★,,,56,已经做完了。,Yǐjīng zuòwán le.,
447,予定と過去,まだです,★★,,,57,还没有。,Hái méiyǒu.,
448,予定と過去,何時に始まりますか,★★,,,57,几点开始？,Jǐ diǎn kāishǐ?,
449,予定と過去,何時に終わりますか,★★,,,57,几点结束？,Jǐ diǎn jiéshù?,
450,予定と過去,○○に出発します,★★,時刻・時間帯,,57,我们○○出发。,Wǒmen ○○ chūfā.,
451,予定と過去,何時に出発しますか,★★,,,57,几点出发？,Jǐ diǎn chūfā?,
452,予定と過去,○○はどうですか,★★,日・曜日,,57,○○怎么样？,○○ zěnmeyàng?,日にちを提案するとき
453,予定と過去,時間に間に合いますか,★,,,81,来得及吗？,Lái de jí ma?,
454,予定と過去,一度もありません,★,,,82,一次也没有。,Yí cì yě méiyǒu.,
455,予定と過去,何回も来ています,★,,,82,我来过好几次了。,Wǒ láiguo hǎo jǐ cì le.,
456,予定と過去,去年も来ました,★,,,82,我去年也来过。,Wǒ qùnián yě láiguo.,
457,予定と過去,先週来ました,★,,,82,我上周来的。,Wǒ shàng zhōu lái de.,
458,予定と過去,いつか○○に行ってみたいです,★,場所,,82,以后我想去○○看看。,Yǐhòu wǒ xiǎng qù ○○ kànkan.,
459,予定と過去,昨日はよく眠れました,★,,,83,我昨天睡得很好。,Wǒ zuótiān shuì de hěn hǎo.,
460,予定と過去,昨日は疲れました,★,,,83,昨天好累啊。,Zuótiān hǎo lèi a.,
461,予定と過去,昨日は一日中歩きました,★,,,83,我昨天走了一整天。,Wǒ zuótiān zǒule yì zhěng tiān.,
462,予定と過去,昨日○○を食べました,★,食べ物,,83,我昨天吃了○○。,Wǒ zuótiān chīle ○○.,
463,予定と過去,明日の朝は早いです,★,,,83,我明天早上要早起。,Wǒ míngtiān zǎoshang yào zǎo qǐ.,
464,予定と過去,都合のいい日はいつですか,★,,,84,你哪天方便？,Nǐ nǎ tiān fāngbiàn?,
465,予定と過去,予定が変わりました,★,,,84,计划有变。,Jìhuà yǒu biàn.,
466,予定と過去,明日に変更できますか,★,,,84,能改到明天吗？,Néng gǎi dào míngtiān ma?,
467,予定と過去,今日は行けなくなりました,★,,,84,我今天去不了了。,Wǒ jīntiān qù bu liǎo le.,
468,予定と過去,中国語を始めて○○か月です,★,数,○,84,我学中文○○个月了。,Wǒ xué Zhōngwén ○○ ge yuè le.,
469,予定と過去,○○年前に来たことがあります,★,数,,85,我○○年前来过。,Wǒ ○○ nián qián láiguo.,
470,予定と過去,昔○○に住んでいました,★,都市,○,85,我以前在○○住过。,Wǒ yǐqián zài ○○ zhùguo.,
471,予定と過去,来月○○に行きます,★,都市,,85,我下个月去○○。,Wǒ xià ge yuè qù ○○.,
472,予定と過去,来週また中国に来ます,★,,,85,我下周还来中国。,Wǒ xià zhōu hái lái Zhōngguó.,
473,予定と過去,あと○○分で着きます,★,数,,85,我还有○○分钟到。,Wǒ hái yǒu ○○ fēnzhōng dào.,
474,予定と過去,前に一度会いましたよね,★,,,86,我们以前见过吧？,Wǒmen yǐqián jiànguo ba?,
475,予定と過去,昨日電話しました,★,,,86,我昨天给你打电话了。,Wǒ zuótiān gěi nǐ dǎ diànhuà le.,
476,予定と過去,必ず行きます,★,,,86,我一定去。,Wǒ yídìng qù.,
477,予定と過去,終わったら連絡します,★,,,86,结束以后我联系你。,Jiéshù yǐhòu wǒ liánxì nǐ.,
478,予定と過去,明日は雨らしいです,★,,,86,听说明天下雨。,Tīngshuō míngtiān xià yǔ.,
479,予定と過去,雨なら行きません,★,,,87,下雨的话就不去了。,Xià yǔ dehuà jiù bú qù le.,
480,予定と過去,朝○○に起きました,★,時刻・時間帯,,87,我早上○○起的。,Wǒ zǎoshang ○○ qǐ de.,
501,頼む・質問する,○○はどこですか,★★★,場所,,10,○○在哪儿？,○○ zài nǎr?,
502,頼む・質問する,おすすめは何ですか,★★★,,,10,有什么推荐的？,Yǒu shénme tuījiàn de?,
503,頼む・質問する,これはいくらですか,★★★,,,11,这个多少钱？,Zhège duōshao qián?,
504,頼む・質問する,これは何ですか,★★★,,,11,这是什么？,Zhè shì shénme?,
505,頼む・質問する,○○はありますか,★★★,物,,11,有○○吗？,Yǒu ○○ ma?,
506,頼む・質問する,○○をください,★★★,物,,11,请给我○○。,Qǐng gěi wǒ ○○.,
507,頼む・質問する,すみません、ちょっとお聞きします,★★★,,,11,请问一下。,Qǐngwèn yíxià.,知らない人に話しかけるとき
508,頼む・質問する,○○へはどう行けばいいですか,★★★,場所,,12,去○○怎么走？,Qù ○○ zěnme zǒu?,
509,頼む・質問する,写真を撮ってもらえますか,★★★,,,12,能帮我拍张照吗？,Néng bāng wǒ pāi zhāng zhào ma?,
510,頼む・質問する,WeChatを交換しませんか,★★★,,,12,加个微信吧？,Jiā ge Wēixìn ba?,連絡先交換の定番
511,頼む・質問する,お名前は何ですか,★★★,,,12,你叫什么名字？,Nǐ jiào shénme míngzi?,
512,頼む・質問する,近くに○○はありますか,★★★,場所,,12,附近有○○吗？,Fùjìn yǒu ○○ ma?,
513,頼む・質問する,少し待ってもらえますか,★★★,,,13,能等一下吗？,Néng děng yíxià ma?,
514,頼む・質問する,どのくらいかかりますか,★★★,,,13,要多长时间？,Yào duō cháng shíjiān?,時間をたずねる
515,頼む・質問する,全部でいくらですか,★★★,,,13,一共多少钱？,Yígòng duōshao qián?,
516,頼む・質問する,もう一つください,★★★,,,13,再来一个。,Zài lái yí ge.,
517,頼む・質問する,ここに座ってもいいですか,★★★,,,13,这儿可以坐吗？,Zhèr kěyǐ zuò ma?,
518,頼む・質問する,どう思いますか,★★★,,,14,你觉得怎么样？,Nǐ juéde zěnmeyàng?,
519,頼む・質問する,写真を撮ってもいいですか,★★,,,38,可以拍照吗？,Kěyǐ pāizhào ma?,
520,頼む・質問する,遠いですか,★★,,,38,远吗？,Yuǎn ma?,
521,頼む・質問する,歩いて行けますか,★★,,,38,走路能到吗？,Zǒulù néng dào ma?,
522,頼む・質問する,今何時ですか,★★,,,38,现在几点？,Xiànzài jǐ diǎn?,
523,頼む・質問する,何時に開きますか,★★,,,39,几点开门？,Jǐ diǎn kāimén?,
524,頼む・質問する,何時まで開いていますか,★★,,,39,开到几点？,Kāi dào jǐ diǎn?,
525,頼む・質問する,入ってもいいですか,★★,,,39,可以进去吗？,Kěyǐ jìnqu ma?,
526,頼む・質問する,カードは使えますか,★★,,,39,能刷卡吗？,Néng shuākǎ ma?,
527,頼む・質問する,○○で払えますか,★★,物,,39,能用○○付吗？,Néng yòng ○○ fù ma?,○○に「支付宝」など
528,頼む・質問する,もう少し安くなりますか,★★,,,39,能便宜一点儿吗？,Néng piányi yìdiǎnr ma?,
529,頼む・質問する,どちらのご出身ですか,★★,,,40,你是哪里人？,Nǐ shì nǎli rén?,
530,頼む・質問する,お仕事は何ですか,★★,,,40,你做什么工作？,Nǐ zuò shénme gōngzuò?,
531,頼む・質問する,趣味は何ですか,★★,,,40,你有什么爱好？,Nǐ yǒu shénme àihào?,
532,頼む・質問する,ここに住んでいるんですか,★★,,,40,你住在这儿吗？,Nǐ zhù zài zhèr ma?,
533,頼む・質問する,どうしてですか,★★,,,40,为什么？,Wèi shénme?,
534,頼む・質問する,どれがいいですか,★★,,,40,哪个好？,Nǎge hǎo?,
535,頼む・質問する,どれが一番人気ですか,★★,,,40,哪个最受欢迎？,Nǎge zuì shòu huānyíng?,
536,頼む・質問する,これは辛いですか,★★,,,41,这个辣吗？,Zhège là ma?,
537,頼む・質問する,ここはどこですか,★★,,,41,这是哪儿？,Zhè shì nǎr?,
538,頼む・質問する,地図で教えてもらえますか,★★,,,41,能在地图上指给我看吗？,Néng zài dìtú shang zhǐ gěi wǒ kàn ma?,
539,頼む・質問する,この電車は○○に行きますか,★★,場所,,41,这趟车去○○吗？,Zhè tàng chē qù ○○ ma?,
540,頼む・質問する,どこで降りればいいですか,★★,,,41,我在哪儿下车？,Wǒ zài nǎr xià chē?,
541,頼む・質問する,どこで買えますか,★★,,,41,在哪儿能买到？,Zài nǎr néng mǎidào?,
542,頼む・質問する,Wi-Fiのパスワードは何ですか,★★,,,41,WiFi密码是多少？,WiFi mìmǎ shì duōshao?,
543,頼む・質問する,いつですか,★★,,,42,什么时候？,Shénme shíhou?,
544,頼む・質問する,中国語を教えてもらえますか,★★,,,42,能教我中文吗？,Néng jiāo wǒ Zhōngwén ma?,
545,頼む・質問する,一緒に写真を撮ってもいいですか,★★,,,42,能跟你合个影吗？,Néng gēn nǐ hé ge yǐng ma?,
546,頼む・質問する,この辺に面白いところはありますか,★★,,,42,这附近有什么好玩儿的？,Zhè fùjìn yǒu shénme hǎowánr de?,
547,頼む・質問する,ここでタバコを吸ってもいいですか,★,,,67,这儿能抽烟吗？,Zhèr néng chōuyān ma?,
548,頼む・質問する,試着してもいいですか,★,,,67,可以试穿吗？,Kěyǐ shìchuān ma?,
549,頼む・質問する,味見してもいいですか,★,,,67,可以尝一下吗？,Kěyǐ cháng yíxià ma?,
550,頼む・質問する,電話番号を教えてもらえますか,★,,,68,能留个电话吗？,Néng liú ge diànhuà ma?,
551,頼む・質問する,右ですか、左ですか,★,,,68,往左还是往右？,Wǎng zuǒ háishi wǎng yòu?,
552,頼む・質問する,予約は必要ですか,★,,,68,需要预约吗？,Xūyào yùyuē ma?,
553,頼む・質問する,空いている席はありますか,★,,,68,还有位子吗？,Hái yǒu wèizi ma?,
554,頼む・質問する,充電させてもらえますか,★,,,68,可以充一下电吗？,Kěyǐ chōng yíxià diàn ma?,
555,頼む・質問する,荷物を預かってもらえますか,★,,,69,能寄存一下行李吗？,Néng jìcún yíxià xíngli ma?,
556,頼む・質問する,タクシーを呼んでもらえますか,★,,,69,能帮我叫辆车吗？,Néng bāng wǒ jiào liàng chē ma?,
557,頼む・質問する,領収書をもらえますか,★,,,69,能开发票吗？,Néng kāi fāpiào ma?,
558,頼む・質問する,袋をもらえますか,★,,,69,能给我个袋子吗？,Néng gěi wǒ ge dàizi ma?,
559,頼む・質問する,これと同じものをください,★,,,69,跟这个一样的，来一个。,"Gēn zhège yíyàng de, lái yí ge.",
560,頼む・質問する,ほかの色はありますか,★,,,70,有别的颜色吗？,Yǒu bié de yánsè ma?,
561,頼む・質問する,もっと大きいのはありますか,★,,,70,有大一点儿的吗？,Yǒu dà yìdiǎnr de ma?,
562,頼む・質問する,これはどうやって食べますか,★,,,70,这个怎么吃？,Zhège zěnme chī?,
563,頼む・質問する,これはどうやって使いますか,★,,,70,这个怎么用？,Zhège zěnme yòng?,
564,頼む・質問する,ちょっと見てもいいですか,★,,,70,我能看看吗？,Wǒ néng kànkan ma?,
565,頼む・質問する,何を飲みますか,★,,,71,你喝什么？,Nǐ hē shénme?,
566,頼む・質問する,地元の人はどこで食べますか,★,,,71,本地人一般去哪儿吃？,Běndì rén yìbān qù nǎr chī?,
567,頼む・質問する,何時に来ればいいですか,★,,,71,我几点来比较好？,Wǒ jǐ diǎn lái bǐjiào hǎo?,
568,頼む・質問する,次のバスは何時ですか,★,,,71,下一班车几点？,Xià yì bān chē jǐ diǎn?,
569,頼む・質問する,日本に送れますか,★,,,71,能寄到日本吗？,Néng jì dào Rìběn ma?,
570,頼む・質問する,何とお呼びすればいいですか,★,,,72,我怎么称呼你？,Wǒ zěnme chēnghu nǐ?,
601,旅先の場面,これをください,★★★,,,14,我要这个。,Wǒ yào zhège.,指さしで何でも買える
602,旅先の場面,○○をください,★★★,食べ物,,14,我要○○。,Wǒ yào ○○.,
603,旅先の場面,○○を1杯ください,★★★,飲み物,,14,来一杯○○。,Lái yì bēi ○○.,来＝注文の「ください」
604,旅先の場面,お会計をお願いします,★★★,,,14,买单。,Mǎidān.,结账 jiézhàng も可
605,旅先の場面,いくらですか,★★★,,,15,多少钱？,Duōshao qián?,
606,旅先の場面,全部でいくらですか,★★★,,,15,一共多少钱？,Yígòng duōshao qián?,
607,旅先の場面,注文をお願いします,★★★,,,15,服务员，点菜！,"Fúwùyuán, diǎncài!",店員を呼ぶときの決まり文句
608,旅先の場面,メニューをください,★★★,,,15,请给我菜单。,Qǐng gěi wǒ càidān.,
609,旅先の場面,おすすめは何ですか,★★★,,,15,有什么推荐的？,Yǒu shénme tuījiàn de?,
610,旅先の場面,席はありますか,★★★,,,16,有位子吗？,Yǒu wèizi ma?,
611,旅先の場面,○○人です,★★★,数,,16,我们○○个人。,Wǒmen ○○ ge rén.,2人は 两个人 liǎng ge rén
612,旅先の場面,これは辛いですか,★★★,,,16,这个辣吗？,Zhège là ma?,
613,旅先の場面,辛くしないでください,★★★,,,16,不要辣的。,Bú yào là de.,
614,旅先の場面,パクチー抜きでお願いします,★★★,,,16,不要香菜。,Bú yào xiāngcài.,
615,旅先の場面,水をください,★★★,,,17,请给我一杯水。,Qǐng gěi wǒ yì bēi shuǐ.,常温なら 常温的 も添える
616,旅先の場面,持ち帰りにします,★★★,,,17,带走。,Dài zǒu.,打包 dǎbāo も通じる
617,旅先の場面,ここで食べます,★★★,,,17,在这儿吃。,Zài zhèr chī.,
618,旅先の場面,おいしいです,★★★,,,17,很好吃！,Hěn hǎochī!,飲み物は 好喝 hǎohē
619,旅先の場面,乾杯！,★★★,,,17,干杯！,Gānbēi!,
620,旅先の場面,これは何ですか,★★★,,,18,这是什么？,Zhè shì shénme?,
621,旅先の場面,私は○○が食べられません,★★,食べ物,,42,我不能吃○○。,Wǒ bù néng chī ○○.,
622,旅先の場面,中に何が入っていますか,★,,,72,里面有什么？,Lǐmiàn yǒu shénme?,
623,旅先の場面,量は多いですか,★,,,72,分量大吗？,Fènliàng dà ma?,
624,旅先の場面,氷なしでお願いします,★,,,72,去冰。,Qù bīng.,タピオカ店などで
625,旅先の場面,甘さ控えめでお願いします,★★,,,42,少糖。,Shǎo táng.,無糖は 无糖 wú táng
626,旅先の場面,あれと同じものをください,★★,,,43,要跟那个一样的。,Yào gēn nàge yíyàng de.,
627,旅先の場面,ご飯をもう1杯ください,★★,,,43,再来一碗米饭。,Zài lái yì wǎn mǐfàn.,
628,旅先の場面,お箸をもう一膳ください,★★,,,43,再给我一双筷子。,Zài gěi wǒ yì shuāng kuàizi.,
629,旅先の場面,残りを包んでください,★★,,,43,帮我打包一下。,Bāng wǒ dǎbāo yíxià.,
630,旅先の場面,お腹いっぱいです,★★,,,43,吃饱了。,Chī bǎo le.,
631,旅先の場面,割り勘にしましょう,★,,,72,我们AA吧。,Wǒmen AA ba.,AA制＝割り勘
632,旅先の場面,カードは使えますか,★★,,,43,能刷卡吗？,Néng shuākǎ ma?,
633,旅先の場面,支付宝（アリペイ）は使えますか,★★★,,,18,能用支付宝吗？,Néng yòng Zhīfùbǎo ma?,中国ではスマホ決済が主流
634,旅先の場面,WeChat Payで払えますか,★★★,,,18,能用微信支付吗？,Néng yòng Wēixìn zhīfù ma?,
635,旅先の場面,現金しかありません,★★,,,43,我只有现金。,Wǒ zhǐ yǒu xiànjīn.,
636,旅先の場面,QRコードはどこですか,★★,,,44,二维码在哪儿？,Èrwéimǎ zài nǎr?,
637,旅先の場面,私がスキャンしますか,★★,,,44,我扫你还是你扫我？,Wǒ sǎo nǐ háishi nǐ sǎo wǒ?,直訳: 私が読む？あなたが読む？
638,旅先の場面,領収書をください,★★,,,44,请给我发票。,Qǐng gěi wǒ fāpiào.,发票＝公式の領収書
639,旅先の場面,両替はどこでできますか,★★,,,44,在哪儿能换钱？,Zài nǎr néng huànqián?,
640,旅先の場面,おつりが違います,★,,,73,找错钱了。,Zhǎo cuò qián le.,
641,旅先の場面,ここにサインしますか,★,,,73,在这儿签字吗？,Zài zhèr qiānzì ma?,
642,旅先の場面,見ているだけです,★★★,,,18,我就看看。,Wǒ jiù kànkan.,
643,旅先の場面,○○はありますか,★★★,物,,18,有○○吗？,Yǒu ○○ ma?,
644,旅先の場面,高すぎます,★★★,,,19,太贵了。,Tài guì le.,
645,旅先の場面,安くしてもらえますか,★★★,,,19,能便宜一点吗？,Néng piányi yìdiǎn ma?,
646,旅先の場面,○○元でどうですか,★★,数,,44,○○块行吗？,○○ kuài xíng ma?,块＝元の口語
647,旅先の場面,じゃあ、やめておきます,★★,,,44,那算了。,Nà suàn le.,立ち去ると値下げされることも
648,旅先の場面,2つ買ったら安くなりますか,★,,,73,买两个能便宜点吗？,Mǎi liǎng ge néng piányi diǎn ma?,
649,旅先の場面,これにします,★★,,,44,就要这个吧。,Jiù yào zhège ba.,
650,旅先の場面,試着してもいいですか,★★,,,45,可以试一下吗？,Kěyǐ shì yíxià ma?,
651,旅先の場面,他の色はありますか,★★,,,45,有别的颜色吗？,Yǒu bié de yánsè ma?,
652,旅先の場面,もう少し大きいのはありますか,★★,,,45,有大一点的吗？,Yǒu dà yìdiǎn de ma?,小さいのは 小一点的
653,旅先の場面,袋をください,★★,,,45,给我一个袋子。,Gěi wǒ yí ge dàizi.,
654,旅先の場面,袋はいりません,★,,,73,不用袋子。,Bú yòng dàizi.,
655,旅先の場面,お土産には何がいいですか,★★,,,45,有什么特产？,Yǒu shénme tèchǎn?,特产＝その土地の名産
656,旅先の場面,免税できますか,★,,,73,可以退税吗？,Kěyǐ tuìshuì ma?,
657,旅先の場面,日本に送れますか,★,,,74,能寄到日本吗？,Néng jì dào Rìběn ma?,
658,旅先の場面,○○はどこですか,★★★,場所,,19,○○在哪儿？,○○ zài nǎr?,
659,旅先の場面,トイレはどこですか,★★★,,,19,洗手间在哪儿？,Xǐshǒujiān zài nǎr?,厕所 cèsuǒ も通じる
660,旅先の場面,○○までお願いします,★★★,場所,,19,去○○。,Qù ○○.,タクシーで行き先を言う
661,旅先の場面,ここに行きたいです,★★★,,,20,我想去这儿。,Wǒ xiǎng qù zhèr.,スマホの地図を見せながら
662,旅先の場面,ここで止めてください,★★★,,,20,在这儿停吧。,Zài zhèr tíng ba.,
663,旅先の場面,時間はどのくらいかかりますか,★★★,,,20,要多长时间？,Yào duō cháng shíjiān?,
664,旅先の場面,ここから遠いですか,★★★,,,20,离这儿远吗？,Lí zhèr yuǎn ma?,
665,旅先の場面,歩いて行けますか,★★,,,45,走路能到吗？,Zǒulù néng dào ma?,
666,旅先の場面,右ですか、左ですか,★★,,,46,往左还是往右？,Wǎng zuǒ háishi wǎng yòu?,
667,旅先の場面,地図で教えてもらえますか,★★,,,46,能在地图上指给我看吗？,Néng zài dìtú shang zhǐ gěi wǒ kàn ma?,
668,旅先の場面,タクシーを呼んでもらえますか,★★,,,46,能帮我叫辆出租车吗？,Néng bāng wǒ jiào liàng chūzūchē ma?,
669,旅先の場面,空港までいくらですか,★★,,,46,到机场多少钱？,Dào jīchǎng duōshao qián?,
670,旅先の場面,メーターを使ってください,★★,,,46,请打表。,Qǐng dǎbiǎo.,
671,旅先の場面,トランクを開けてください,★,,,74,请开一下后备箱。,Qǐng kāi yíxià hòubèixiāng.,
672,旅先の場面,DiDiを呼びました,★,,,74,我叫了滴滴。,Wǒ jiào le Dīdī.,滴滴＝中国の配車アプリ
673,旅先の場面,○○行きの切符を1枚ください,★★,都市,,46,一张去○○的票。,Yì zhāng qù ○○ de piào.,
674,旅先の場面,この電車は○○に行きますか,★★,都市,,46,这趟车去○○吗？,Zhè tàng chē qù ○○ ma?,
675,旅先の場面,○○で降ります,★★,場所,,47,我在○○下车。,Wǒ zài ○○ xià chē.,
676,旅先の場面,次の駅はどこですか,★★,,,47,下一站是哪儿？,Xià yí zhàn shì nǎr?,
677,旅先の場面,どこで乗り換えますか,★★,,,47,在哪儿换乘？,Zài nǎr huànchéng?,
678,旅先の場面,何番ホームですか,★,,,74,在几号站台？,Zài jǐ hào zhàntái?,
679,旅先の場面,終電は何時ですか,★,,,74,末班车几点？,Mòbānchē jǐ diǎn?,
680,旅先の場面,パスポートが要りますか,★★,,,47,要护照吗？,Yào hùzhào ma?,高速鉄道の切符は要パスポート
681,旅先の場面,予約しています,★★★,,,20,我预订了。,Wǒ yùdìng le.,
682,旅先の場面,チェックインをお願いします,★★★,,,21,我要办入住。,Wǒ yào bàn rùzhù.,
683,旅先の場面,チェックアウトをお願いします,★★★,,,21,我要退房。,Wǒ yào tuìfáng.,
684,旅先の場面,Wi-Fiのパスワードは何ですか,★★★,,,21,WiFi密码是多少？,WiFi mìmǎ shì duōshao?,
685,旅先の場面,朝食は付いていますか,★★,,,47,含早餐吗？,Hán zǎocān ma?,
686,旅先の場面,朝食は何時からですか,★,,,75,早餐几点开始？,Zǎocān jǐ diǎn kāishǐ?,
687,旅先の場面,荷物を預かってもらえますか,★★,,,47,能寄存行李吗？,Néng jìcún xíngli ma?,
688,旅先の場面,デポジットはいくらですか,★,,,75,押金多少？,Yājīn duōshao?,ホテルで保証金を取ることが多い
689,旅先の場面,タオルをもう1枚ください,★,,,75,再给我一条毛巾。,Zài gěi wǒ yì tiáo máojīn.,
690,旅先の場面,写真を撮ってもいいですか,★★★,,,21,可以拍照吗？,Kěyǐ pāizhào ma?,
691,旅先の場面,写真を撮ってもらえますか,★★★,,,21,能帮我拍张照吗？,Néng bāng wǒ pāi zhāng zhào ma?,
692,旅先の場面,初めて来ました,★★★,,,22,我第一次来。,Wǒ dì yī cì lái.,第一の 一 は変調しない
693,旅先の場面,入場料はいくらですか,★★,,,47,门票多少钱？,Ménpiào duōshao qián?,
694,旅先の場面,何時に開きますか,★★,,,48,几点开门？,Jǐ diǎn kāimén?,
695,旅先の場面,何時に閉まりますか,★★,,,48,几点关门？,Jǐ diǎn guānmén?,
696,旅先の場面,この辺で面白い所はありますか,★★,,,48,这附近有什么好玩的？,Zhè fùjìn yǒu shénme hǎowán de?,
697,旅先の場面,景色がきれいですね,★★,,,48,风景真美！,Fēngjǐng zhēn měi!,
698,旅先の場面,ここは何という所ですか,★,,,75,这是什么地方？,Zhè shì shénme dìfang?,
699,旅先の場面,中に入れますか,★,,,75,能进去吗？,Néng jìnqu ma?,
700,旅先の場面,日本語の案内はありますか,★,,,76,有日语的介绍吗？,Yǒu Rìyǔ de jièshào ma?,
701,困ったとき,助けてもらえますか,★★★,,,28,能帮帮我吗？,Néng bāngbang wǒ ma?,
702,困ったとき,○○が痛いです,★★★,症状,,28,我○○疼。,Wǒ ○○ téng.,○○に「头」「肚子」など
703,困ったとき,気分が悪いです,★★★,,,29,我不舒服。,Wǒ bù shūfu.,
704,困ったとき,中国語があまりできません,★★★,,,29,我中文不太好。,Wǒ Zhōngwén bú tài hǎo.,
705,困ったとき,すみません（謝罪）,★★★,,,29,对不起。,Duìbuqǐ.,
706,困ったとき,遅れてすみません,★★★,,,29,不好意思，我来晚了。,"Bù hǎoyìsi, wǒ lái wǎn le.",
707,困ったとき,大丈夫ですか,★★★,,,29,你没事吧？,Nǐ méi shì ba?,
708,困ったとき,大丈夫です,★★★,,,30,我没事。,Wǒ méi shì.,
709,困ったとき,どうしたらいいですか,★★★,,,30,怎么办？,Zěnme bàn?,
710,困ったとき,いりません、結構です,★★★,,,30,不用了，谢谢。,"Bú yòng le, xièxie.",
711,困ったとき,助けて！,★★★,,,30,救命啊！,Jiùmìng a!,命の危険があるとき
712,困ったとき,間違えました,★★★,,,30,我搞错了。,Wǒ gǎocuò le.,
713,困ったとき,道に迷いました,★★,,,58,我迷路了。,Wǒ mílù le.,
714,困ったとき,熱があります,★★,,,58,我发烧了。,Wǒ fāshāo le.,
715,困ったとき,病院に連れて行ってもらえますか,★★,,,58,能带我去医院吗？,Néng dài wǒ qù yīyuàn ma?,
716,困ったとき,救急車を呼んでください,★★,,,58,请叫救护车！,Qǐng jiào jiùhùchē!,
717,困ったとき,○○をなくしました,★★,物,,58,我的○○丢了。,Wǒ de ○○ diū le.,
718,困ったとき,○○を話せる人はいますか,★★,言語,,58,有会说○○的人吗？,Yǒu huì shuō ○○ de rén ma?,
719,困ったとき,翻訳アプリを使いますね,★★,,,58,我用翻译软件吧。,Wǒ yòng fānyì ruǎnjiàn ba.,
720,困ったとき,ちょっと困っています,★★,,,59,我遇到点儿麻烦。,Wǒ yùdào diǎnr máfan.,
721,困ったとき,ホテルに帰りたいです,★★,,,59,我想回酒店。,Wǒ xiǎng huí jiǔdiàn.,
722,困ったとき,この住所に行きたいです,★★,,,59,我想去这个地址。,Wǒ xiǎng qù zhège dìzhǐ.,住所を見せながら
723,困ったとき,Wi-Fiがつながりません,★★,,,59,WiFi连不上。,WiFi lián bu shàng.,
724,困ったとき,○○アレルギーです,★★,食べ物,,59,我对○○过敏。,Wǒ duì ○○ guòmǐn.,
725,困ったとき,風邪をひきました,★★,,,59,我感冒了。,Wǒ gǎnmào le.,
726,困ったとき,少し休ませてください,★★,,,59,让我休息一下。,Ràng wǒ xiūxi yíxià.,
727,困ったとき,危ない！,★★,,,60,小心！,Xiǎoxīn!,
728,困ったとき,やめてください,★★,,,60,请别这样。,Qǐng bié zhèyàng.,
729,困ったとき,急いでいます,★★,,,60,我很急。,Wǒ hěn jí.,
730,困ったとき,ちょっと待って、違います,★★,,,60,等一下，不对。,"Děng yíxià, bú duì.",
731,困ったとき,気にしないでください,★★,,,60,没关系。,Méi guānxi.,謝られたときの返事
732,困ったとき,高すぎます,★★,,,60,太贵了吧！,Tài guì le ba!,
733,困ったとき,風邪薬はありますか,★,,,87,有感冒药吗？,Yǒu gǎnmào yào ma?,
734,困ったとき,警察を呼んでください,★,,,87,请叫警察！,Qǐng jiào jǐngchá!,
735,困ったとき,○○を盗まれました,★,物,,87,我的○○被偷了。,Wǒ de ○○ bèi tōu le.,
736,困ったとき,スマホの電池が切れました,★,,,88,我手机没电了。,Wǒ shǒujī méi diàn le.,
737,困ったとき,わざとじゃないんです,★,,,88,我不是故意的。,Wǒ bú shì gùyì de.,
738,困ったとき,電車に乗り遅れました,★,,,88,我没赶上车。,Wǒ méi gǎnshàng chē.,
739,困ったとき,お金が足りません,★,,,88,钱不够。,Qián bú gòu.,
740,困ったとき,計算が間違っているようです,★,,,88,好像算错了。,Hǎoxiàng suàncuò le.,
741,困ったとき,これは頼んだものと違います,★,,,89,这不是我点的。,Zhè bú shì wǒ diǎn de.,
742,困ったとき,頼んだ料理がまだ来ません,★,,,89,我点的菜还没来。,Wǒ diǎn de cài hái méi lái.,
743,困ったとき,部屋に入れません,★,,,89,我进不了房间。,Wǒ jìn bu liǎo fángjiān.,
744,困ったとき,○○が壊れています,★,物,,89,○○坏了。,○○ huài le.,
745,困ったとき,○○に忘れ物をしました,★,場所,,89,我把东西忘在○○了。,Wǒ bǎ dōngxi wàng zài ○○ le.,
746,困ったとき,吐き気がします,★,,,90,我想吐。,Wǒ xiǎng tù.,
747,困ったとき,お腹をこわしました,★,,,90,我拉肚子了。,Wǒ lā dùzi le.,
748,困ったとき,けがをしました,★,,,90,我受伤了。,Wǒ shòushāng le.,
749,困ったとき,日本大使館に連絡したいです,★,,,90,我想联系日本大使馆。,Wǒ xiǎng liánxì Rìběn dàshǐguǎn.,
750,困ったとき,友達とはぐれました,★,,,90,我跟朋友走散了。,Wǒ gēn péngyou zǒusàn le.,
