種類,日本語,中国語,ピンイン
場所,駅,车站,chēzhàn
場所,空港,机场,jīchǎng
場所,ホテル,酒店,jiǔdiàn
場所,トイレ,洗手间,xǐshǒujiān
場所,地下鉄の駅,地铁站,dìtiě zhàn
場所,バス停,公交车站,gōngjiāochē zhàn
場所,コンビニ,便利店,biànlìdiàn
場所,スーパー,超市,chāoshì
場所,レストラン,餐厅,cāntīng
場所,銀行,银行,yínháng
場所,病院,医院,yīyuàn
場所,薬局,药店,yàodiàn
場所,会社,公司,gōngsī
場所,学校,学校,xuéxiào
場所,大学,大学,dàxué
場所,家,家,jiā
場所,公園,公园,gōngyuán
場所,博物館,博物馆,bówùguǎn
場所,デパート,商场,shāngchǎng
場所,カフェ,咖啡馆,kāfēiguǎn
場所,本屋,书店,shūdiàn
場所,郵便局,邮局,yóujú
場所,出口,出口,chūkǒu
場所,入口,入口,rùkǒu
場所,切符売り場,售票处,shòupiàochù
場所,映画館,电影院,diànyǐngyuàn
場所,市場,市场,shìchǎng
場所,お寺,寺庙,sìmiào
場所,大使館,大使馆,dàshǐguǎn
場所,交番,派出所,pàichūsuǒ
食べ物,ラーメン,拉面,lāmiàn
食べ物,餃子,饺子,jiǎozi
食べ物,小籠包,小笼包,xiǎolóngbāo
食べ物,チャーハン,炒饭,chǎofàn
食べ物,ご飯,米饭,mǐfàn
食べ物,麺,面条,miàntiáo
食べ物,肉まん,包子,bāozi
食べ物,北京ダック,北京烤鸭,Běijīng kǎoyā
食べ物,麻婆豆腐,麻婆豆腐,mápó dòufu
食べ物,火鍋,火锅,huǒguō
食べ物,牛肉,牛肉,niúròu
食べ物,豚肉,猪肉,zhūròu
食べ物,鶏肉,鸡肉,jīròu
食べ物,羊肉,羊肉,yángròu
食べ物,魚,鱼,yú
食べ物,エビ,虾,xiā
食べ物,卵,鸡蛋,jīdàn
食べ物,野菜,蔬菜,shūcài
食べ物,豆腐,豆腐,dòufu
食べ物,パクチー,香菜,xiāngcài
食べ物,ピーナッツ,花生,huāshēng
食べ物,果物,水果,shuǐguǒ
食べ物,パン,面包,miànbāo
食べ物,寿司,寿司,shòusī
食べ物,刺身,生鱼片,shēngyúpiàn
食べ物,ケーキ,蛋糕,dàngāo
食べ物,アイスクリーム,冰淇淋,bīngqílín
食べ物,スープ,汤,tāng
食べ物,お粥,粥,zhōu
食べ物,辛い物,辣的,là de
飲み物,水,水,shuǐ
飲み物,お茶,茶,chá
飲み物,緑茶,绿茶,lǜchá
飲み物,ウーロン茶,乌龙茶,wūlóngchá
飲み物,ジャスミン茶,茉莉花茶,mòlìhuā chá
飲み物,紅茶,红茶,hóngchá
飲み物,コーヒー,咖啡,kāfēi
飲み物,ビール,啤酒,píjiǔ
飲み物,紹興酒,绍兴酒,Shàoxīng jiǔ
飲み物,白酒（パイチュウ）,白酒,báijiǔ
飲み物,ワイン,葡萄酒,pútaojiǔ
飲み物,ジュース,果汁,guǒzhī
飲み物,コーラ,可乐,kělè
飲み物,牛乳,牛奶,niúnǎi
飲み物,タピオカミルクティー,珍珠奶茶,zhēnzhū nǎichá
物,携帯電話,手机,shǒujī
物,充電器,充电器,chōngdiànqì
物,パスポート,护照,hùzhào
物,財布,钱包,qiánbāo
物,傘,雨伞,yǔsǎn
物,地図,地图,dìtú
物,切符,票,piào
物,鍵,钥匙,yàoshi
物,眼鏡,眼镜,yǎnjìng
物,かばん,包,bāo
物,スーツケース,行李箱,xínglixiāng
物,名刺,名片,míngpiàn
物,ペン,笔,bǐ
物,本,书,shū
物,腕時計,手表,shǒubiǎo
物,服,衣服,yīfu
物,靴,鞋,xié
物,帽子,帽子,màozi
物,ティッシュ,纸巾,zhǐjīn
物,タオル,毛巾,máojīn
物,歯ブラシ,牙刷,yáshuā
物,薬,药,yào
物,お土産,纪念品,jìniànpǐn
物,箸,筷子,kuàizi
物,スプーン,勺子,sháozi
物,袋,袋子,dàizi
物,マスク,口罩,kǒuzhào
物,変換プラグ,转换插头,zhuǎnhuàn chātóu
物,モバイルバッテリー,充电宝,chōngdiànbǎo
物,SIMカード,电话卡,diànhuàkǎ
仕事,会社員,公司职员,gōngsī zhíyuán
仕事,学生,学生,xuésheng
仕事,教師,老师,lǎoshī
仕事,医者,医生,yīshēng
仕事,看護師,护士,hùshi
仕事,エンジニア,工程师,gōngchéngshī
仕事,プログラマー,程序员,chéngxùyuán
仕事,公務員,公务员,gōngwùyuán
仕事,主婦,家庭主妇,jiātíng zhǔfù
仕事,自営業,个体户,gètǐhù
仕事,経営者,老板,lǎobǎn
仕事,営業,销售,xiāoshòu
仕事,弁護士,律师,lǜshī
仕事,デザイナー,设计师,shèjìshī
仕事,料理人,厨师,chúshī
仕事,農家,农民,nóngmín
仕事,研究者,研究员,yánjiūyuán
仕事,通訳,翻译,fānyì
仕事,銀行員,银行职员,yínháng zhíyuán
仕事,会計士,会计,kuàijì
趣味,読書,看书,kàn shū
趣味,映画,看电影,kàn diànyǐng
趣味,音楽,听音乐,tīng yīnyuè
趣味,料理,做饭,zuò fàn
趣味,旅行,旅游,lǚyóu
趣味,写真,拍照,pāizhào
趣味,登山,爬山,pá shān
趣味,散歩,散步,sànbù
趣味,ジョギング,跑步,pǎobù
趣味,水泳,游泳,yóuyǒng
趣味,サッカー,踢足球,tī zúqiú
趣味,野球,打棒球,dǎ bàngqiú
趣味,テニス,打网球,dǎ wǎngqiú
趣味,ゴルフ,打高尔夫,dǎ gāo'ěrfū
趣味,卓球,打乒乓球,dǎ pīngpāngqiú
趣味,カラオケ,唱卡拉OK,chàng kǎlā OK
趣味,ゲーム,玩游戏,wán yóuxì
趣味,釣り,钓鱼,diàoyú
趣味,絵を描くこと,画画儿,huà huàr
趣味,ヨガ,练瑜伽,liàn yújiā
趣味,ダンス,跳舞,tiàowǔ
趣味,買い物,购物,gòuwù
趣味,お茶,喝茶,hē chá
趣味,アニメ,看动漫,kàn dòngmàn
趣味,ピアノ,弹钢琴,tán gāngqín
家族,父,爸爸,bàba
家族,母,妈妈,māma
家族,夫,老公,lǎogōng
家族,妻,老婆,lǎopo
家族,兄,哥哥,gēge
家族,姉,姐姐,jiějie
家族,弟,弟弟,dìdi
家族,妹,妹妹,mèimei
家族,息子,儿子,érzi
家族,娘,女儿,nǚ'ér
家族,子ども,孩子,háizi
家族,祖父,爷爷,yéye
家族,祖母,奶奶,nǎinai
家族,両親,父母,fùmǔ
家族,孫,孙子,sūnzi
国,日本,日本,Rìběn
国,中国,中国,Zhōngguó
国,韓国,韩国,Hánguó
国,アメリカ,美国,Měiguó
国,イギリス,英国,Yīngguó
国,フランス,法国,Fǎguó
国,ドイツ,德国,Déguó
国,イタリア,意大利,Yìdàlì
国,オーストラリア,澳大利亚,Àodàlìyà
国,カナダ,加拿大,Jiānádà
国,タイ,泰国,Tàiguó
国,ベトナム,越南,Yuènán
国,シンガポール,新加坡,Xīnjiāpō
国,インド,印度,Yìndù
国,ロシア,俄罗斯,Éluósī
都市,東京,东京,Dōngjīng
都市,大阪,大阪,Dàbǎn
都市,京都,京都,Jīngdū
都市,奈良,奈良,Nàiliáng
都市,横浜,横滨,Héngbīn
都市,名古屋,名古屋,Mínggǔwū
都市,福岡,福冈,Fúgāng
都市,札幌,札幌,Zháhuǎng
都市,神戸,神户,Shénhù
都市,沖縄,冲绳,Chōngshéng
都市,北京,北京,Běijīng
都市,上海,上海,Shànghǎi
都市,広州,广州,Guǎngzhōu
都市,深セン,深圳,Shēnzhèn
都市,成都,成都,Chéngdū
都市,重慶,重庆,Chóngqìng
都市,西安,西安,Xī'ān
都市,杭州,杭州,Hángzhōu
都市,台北,台北,Táiběi
都市,香港,香港,Xiānggǎng
言語,日本語,日语,Rìyǔ
言語,中国語,中文,Zhōngwén
言語,英語,英语,Yīngyǔ
言語,韓国語,韩语,Hányǔ
言語,広東語,粤语,Yuèyǔ
言語,標準語（普通話）,普通话,Pǔtōnghuà
言語,フランス語,法语,Fǎyǔ
言語,スペイン語,西班牙语,Xībānyáyǔ
時刻・時間帯,朝,早上,zǎoshang
時刻・時間帯,午前,上午,shàngwǔ
時刻・時間帯,昼,中午,zhōngwǔ
時刻・時間帯,午後,下午,xiàwǔ
時刻・時間帯,夜,晚上,wǎnshang
時刻・時間帯,今,现在,xiànzài
時刻・時間帯,1時,一点,yī diǎn
時刻・時間帯,2時,两点,liǎng diǎn
時刻・時間帯,3時,三点,sān diǎn
時刻・時間帯,6時,六点,liù diǎn
時刻・時間帯,7時,七点,qī diǎn
時刻・時間帯,8時,八点,bā diǎn
時刻・時間帯,9時,九点,jiǔ diǎn
時刻・時間帯,10時,十点,shí diǎn
時刻・時間帯,12時,十二点,shí'èr diǎn
時刻・時間帯,3時半,三点半,sān diǎn bàn
時刻・時間帯,6時15分,六点一刻,liù diǎn yí kè
時刻・時間帯,5分,五分钟,wǔ fēnzhōng
時刻・時間帯,30分,半个小时,bàn ge xiǎoshí
時刻・時間帯,1時間,一个小时,yí ge xiǎoshí
日・曜日,今日,今天,jīntiān
日・曜日,明日,明天,míngtiān
日・曜日,昨日,昨天,zuótiān
日・曜日,あさって,后天,hòutiān
日・曜日,おととい,前天,qiántiān
日・曜日,月曜日,星期一,xīngqīyī
日・曜日,火曜日,星期二,xīngqī'èr
日・曜日,水曜日,星期三,xīngqīsān
日・曜日,木曜日,星期四,xīngqīsì
日・曜日,金曜日,星期五,xīngqīwǔ
日・曜日,土曜日,星期六,xīngqīliù
日・曜日,日曜日,星期天,xīngqītiān
日・曜日,週末,周末,zhōumò
日・曜日,来週,下周,xià zhōu
日・曜日,先週,上周,shàng zhōu
数,1,一,yī
数,2（番号・数字）,二,èr
数,2（量・個数）,两,liǎng
数,3,三,sān
数,4,四,sì
数,5,五,wǔ
数,6,六,liù
数,7,七,qī
数,8,八,bā
数,9,九,jiǔ
数,10,十,shí
数,20,二十,èrshí
数,50,五十,wǔshí
数,100,一百,yìbǎi
数,200,两百,liǎngbǎi
数,1000,一千,yìqiān
数,1万,一万,yíwàn
数,半分,一半,yíbàn
交通手段,地下鉄,地铁,dìtiě
交通手段,バス,公交车,gōngjiāochē
交通手段,タクシー,出租车,chūzūchē
交通手段,高速鉄道,高铁,gāotiě
交通手段,電車（列車）,火车,huǒchē
交通手段,飛行機,飞机,fēijī
交通手段,船,船,chuán
交通手段,自転車,自行车,zìxíngchē
交通手段,シェアサイクル,共享单车,gòngxiǎng dānchē
交通手段,車,车,chē
交通手段,徒歩,走路,zǒulù
交通手段,配車アプリの車,网约车,wǎngyuēchē
すること,ご飯を食べる,吃饭,chīfàn
すること,買い物する,买东西,mǎi dōngxi
すること,ぶらぶらする,逛逛,guàngguang
すること,写真を撮る,拍照,pāizhào
すること,散歩する,散步,sànbù
すること,休む,休息,xiūxi
すること,寝る,睡觉,shuìjiào
すること,仕事する,工作,gōngzuò
すること,勉強する,学习,xuéxí
すること,中国語を勉強する,学中文,xué Zhōngwén
すること,映画を見る,看电影,kàn diànyǐng
すること,お茶を飲む,喝茶,hē chá
すること,お酒を飲む,喝酒,hē jiǔ
すること,料理を作る,做饭,zuò fàn
すること,運動する,运动,yùndòng
すること,泳ぐ,游泳,yóuyǒng
すること,歌を歌う,唱歌,chàng gē
すること,電話する,打电话,dǎ diànhuà
すること,会議をする,开会,kāihuì
すること,出張する,出差,chūchāi
すること,友達に会う,见朋友,jiàn péngyou
すること,遊びに行く,去玩儿,qù wánr
すること,家に帰る,回家,huí jiā
すること,掃除する,打扫,dǎsǎo
すること,洗濯する,洗衣服,xǐ yīfu
すること,シャワーを浴びる,洗澡,xǐzǎo
すること,運転する,开车,kāichē
すること,待つ,等,děng
すること,両替する,换钱,huànqián
すること,予約する,预订,yùdìng
症状,頭が痛い,头疼,tóu téng
症状,お腹が痛い,肚子疼,dùzi téng
症状,熱がある,发烧,fāshāo
症状,風邪をひいた,感冒了,gǎnmào le
症状,咳が出る,咳嗽,késou
症状,下痢をしている,拉肚子,lā dùzi
症状,吐き気がする,恶心,ěxin
症状,めまいがする,头晕,tóuyūn
症状,喉が痛い,嗓子疼,sǎngzi téng
症状,歯が痛い,牙疼,yá téng
症状,疲れた,累,lèi
症状,鼻水が出る,流鼻涕,liú bítì
症状,アレルギーがある,过敏,guòmǐn
症状,怪我をした,受伤了,shòushāng le
症状,寒気がする,发冷,fā lěng
人,友達,朋友,péngyou
人,同僚,同事,tóngshì
人,上司,领导,lǐngdǎo
人,先生,老师,lǎoshī
人,取引先,客户,kèhù
人,店員,服务员,fúwùyuán
人,運転手,司机,sījī
人,彼氏,男朋友,nánpéngyou
人,彼女,女朋友,nǚpéngyou
人,通訳,翻译,fānyì
人,ガイド,导游,dǎoyóu
人,警察,警察,jǐngchá
人,医者,医生,yīshēng
人,近所の人,邻居,línjū
人,社長,老板,lǎobǎn
