学ぶ順,品詞,品詞内の頻度順位,中国語,ピンイン,意味,グループ,Day,例文,例文ピンイン,例文の意味,メモ
1,動詞,1,是,shì,〜である,存在・判断,1,我是日本人。,Wǒ shì Rìběnrén.,私は日本人です。,
2,副詞,1,不,bù,〜ない（意志・習慣）,否定,1,我不吃辣的。,Wǒ bù chī là de.,辛いものは食べません。,過去の事実の否定は没
3,動詞,2,有,yǒu,ある、持っている,存在・判断,1,你有时间吗？,Nǐ yǒu shíjiān ma?,時間ありますか？,
4,動詞,3,去,qù,行く,移動,1,我想去北京。,Wǒ xiǎng qù Běijīng.,北京に行きたいです。,
5,動詞,4,来,lái,来る,移動,1,你什么时候来？,Nǐ shénme shíhou lái?,いつ来ますか？,
6,副詞,2,也,yě,〜も,範囲・追加,2,我也是日本人。,Wǒ yě shì Rìběnrén.,私も日本人です。,主語の後ろ、動詞の前に置く
7,動詞,5,说,shuō,話す、言う,見る・聞く・話す,2,请再说一遍。,Qǐng zài shuō yí biàn.,もう一度言ってください。,
8,動詞,6,要,yào,欲しい、〜するつもり,助動詞,2,我要这个。,Wǒ yào zhège.,これをください。,強い意志・必要。否定は「不想」
9,動詞,7,想,xiǎng,〜したい、思う,助動詞,2,我想喝咖啡。,Wǒ xiǎng hē kāfēi.,コーヒーが飲みたいです。,願望。要より柔らかい
10,副詞,3,都,dōu,みんな、全部,範囲・追加,2,我们都去。,Wǒmen dōu qù.,私たちはみんな行きます。,まとめる対象は都より前に置く
11,動詞,8,没有,méiyǒu,ない、持っていない,存在・判断,3,我没有现金。,Wǒ méiyǒu xiànjīn.,現金がありません。,「有」の否定。「不有」は不可
12,動詞,9,吃,chī,食べる,食事・生活,3,你吃饭了吗？,Nǐ chī fàn le ma?,ご飯食べましたか？,
13,動詞,10,看,kàn,見る、読む,見る・聞く・話す,3,我先看看。,Wǒ xiān kànkan.,ちょっと見てみます。,
14,副詞,4,很,hěn,とても,程度,3,今天很热。,Jīntiān hěn rè.,今日はとても暑いです。,形容詞述語に添える軽い很も多い
15,動詞,11,知道,zhīdào,知っている,思考・気持ち,3,我不知道。,Wǒ bù zhīdào.,知りません。,事実を知っている
16,動詞,12,会,huì,できる（習得）、〜だろう,助動詞,4,我会说一点儿中文。,Wǒ huì shuō yìdiǎnr Zhōngwén.,中国語が少し話せます。,習得してできる
17,動詞,13,能,néng,できる（能力・条件）,助動詞,4,能便宜点儿吗？,Néng piányi diǎnr ma?,安くできますか？,能力・条件的にできる
18,副詞,5,就,jiù,すぐ、もう、まさに,時間・タイミング,4,我马上就来。,Wǒ mǎshàng jiù lái.,すぐ行きます。,就=早い・順調／才=遅い・やっと
19,動詞,14,可以,kěyǐ,〜してよい、できる,助動詞,4,我可以坐这儿吗？,Wǒ kěyǐ zuò zhèr ma?,ここに座ってもいいですか？,許可。「可以吗？」で丁寧に
20,動詞,15,在,zài,いる、ある,存在・判断,4,你在哪儿？,Nǐ zài nǎr?,どこにいますか？,
21,動詞,16,做,zuò,する、作る,その他,5,你做什么工作？,Nǐ zuò shénme gōngzuò?,お仕事は何ですか？,
22,副詞,6,还,hái,まだ、さらに,時間・タイミング,5,他还在公司。,Tā hái zài gōngsī.,彼はまだ会社にいます。,还没〜＝まだ〜していない
23,動詞,17,叫,jiào,〜という名前だ、呼ぶ,存在・判断,5,你叫什么名字？,Nǐ jiào shénme míngzi?,お名前は？,
24,動詞,18,喜欢,xǐhuan,好きだ,思考・気持ち,5,我喜欢中国菜。,Wǒ xǐhuan Zhōngguó cài.,中華料理が好きです。,
25,動詞,19,觉得,juéde,〜と思う、感じる,思考・気持ち,6,我觉得很好。,Wǒ juéde hěn hǎo.,いいと思います。,主観的な感想
26,副詞,7,没,méi,〜しなかった、〜していない,否定,6,我还没吃饭。,Wǒ hái méi chī fàn.,まだご飯を食べていません。,没=過去・未実現／不=意志・習慣
27,動詞,20,喝,hē,飲む,食事・生活,6,你喝什么？,Nǐ hē shénme?,何を飲みますか？,
28,動詞,21,买,mǎi,買う,買い物・お金,6,我想买这个。,Wǒ xiǎng mǎi zhège.,これを買いたいです。,
29,動詞,22,给,gěi,あげる、くれる,やりとり・依頼,6,给我看看。,Gěi wǒ kànkan.,見せてください。,
30,副詞,8,太,tài,〜すぎる、すごく,程度,7,太贵了！,Tài guì le!,高すぎます！,太〜了の形でよく使う
31,動詞,23,听,tīng,聞く,見る・聞く・話す,7,我在听音乐。,Wǒ zài tīng yīnyuè.,音楽を聞いています。,
32,動詞,24,走,zǒu,歩く、出発する,移動,7,我们走吧。,Wǒmen zǒu ba.,行きましょう。,
33,動詞,25,回,huí,帰る、戻る,移動,7,我明天回日本。,Wǒ míngtiān huí Rìběn.,明日日本に帰ります。,
34,副詞,9,真,zhēn,本当に,程度,7,这个真好吃。,Zhège zhēn hǎochī.,これは本当においしい。,
35,動詞,26,找,zhǎo,探す、訪ねる,その他,8,我在找地铁站。,Wǒ zài zhǎo dìtiězhàn.,地下鉄の駅を探しています。,
36,動詞,27,用,yòng,使う,その他,8,可以用微信吗？,Kěyǐ yòng Wēixìn ma?,WeChatは使えますか？,
37,動詞,28,等,děng,待つ,やりとり・依頼,8,请等一下。,Qǐng děng yíxià.,少々お待ちください。,
38,副詞,10,再,zài,また、もう一度（これから）,頻度・くり返し,8,请再说一遍。,Qǐng zài shuō yí biàn.,もう一度言ってください。,再=これからの反復／又=既に起きた反復
39,動詞,29,问,wèn,尋ねる,見る・聞く・話す,8,我想问一下。,Wǒ xiǎng wèn yíxià.,ちょっとお尋ねします。,
40,動詞,30,到,dào,着く、〜まで,移動,9,我到了。,Wǒ dào le.,着きました。,
41,動詞,31,得,děi,〜しなければならない,助動詞,9,我得走了。,Wǒ děi zǒu le.,もう行かないと。,děi と読む。否定は「不用」
42,副詞,11,才,cái,やっと、〜になってようやく,時間・タイミング,9,他十点才来。,Tā shí diǎn cái lái.,彼は10時になってやっと来た。,就=早い／才=遅い。才の文は了を付けない
43,動詞,32,让,ràng,〜させる,やりとり・依頼,9,让我想想。,Ràng wǒ xiǎngxiang.,ちょっと考えさせて。,
44,動詞,33,帮,bāng,手伝う,やりとり・依頼,10,能帮我一下吗？,Néng bāng wǒ yíxià ma?,ちょっと手伝ってもらえますか？,
45,動詞,34,懂,dǒng,わかる,思考・気持ち,10,你懂我的意思吗？,Nǐ dǒng wǒ de yìsi ma?,意味わかりますか？,
46,副詞,12,已经,yǐjīng,もう、すでに,時間・タイミング,10,我已经到了。,Wǒ yǐjīng dào le.,もう着きました。,文末に了を伴うことが多い
47,動詞,35,应该,yīnggāi,〜すべき、〜のはず,助動詞,10,应该没问题。,Yīnggāi méi wèntí.,問題ないはずです。,
48,動詞,36,开,kāi,開ける、つける、運転する,その他,10,开空调吧。,Kāi kōngtiáo ba.,エアコンをつけよう。,
49,動詞,37,坐,zuò,座る、乗る,移動,11,我们坐地铁吧。,Wǒmen zuò dìtiě ba.,地下鉄に乗りましょう。,
50,副詞,13,一起,yìqǐ,一緒に,様子・方法,11,一起吃饭吧。,Yìqǐ chī fàn ba.,一緒にご飯を食べましょう。,跟〜一起＝〜と一緒に
51,動詞,38,住,zhù,住む、泊まる,食事・生活,11,你住在哪儿？,Nǐ zhù zài nǎr?,どこに住んでいますか？,
52,動詞,39,工作,gōngzuò,働く,仕事・学習,11,我在东京工作。,Wǒ zài Dōngjīng gōngzuò.,東京で働いています。,
53,動詞,40,学,xué,学ぶ,仕事・学習,11,我在学中文。,Wǒ zài xué Zhōngwén.,中国語を勉強中です。,
54,副詞,14,先,xiān,先に、まず,時間・タイミング,12,我先走了。,Wǒ xiān zǒu le.,お先に失礼します。,先〜再〜＝まず〜それから〜
55,動詞,41,打,dǎ,（電話を）かける、打つ,その他,12,我给你打电话。,Wǒ gěi nǐ dǎ diànhuà.,電話しますね。,
56,動詞,42,认识,rènshi,知り合う、知っている,やりとり・依頼,12,很高兴认识你。,Hěn gāoxìng rènshi nǐ.,お会いできてうれしいです。,人・字を知っている
57,動詞,43,需要,xūyào,必要とする,助動詞,12,你需要帮忙吗？,Nǐ xūyào bāngmáng ma?,手伝いが必要ですか？,
58,副詞,15,只,zhǐ,〜だけ,範囲・追加,12,我只要一个。,Wǒ zhǐ yào yí ge.,一つだけください。,
59,動詞,44,告诉,gàosu,知らせる、教える,見る・聞く・話す,13,请告诉我。,Qǐng gàosu wǒ.,教えてください。,
60,動詞,45,请,qǐng,どうぞ〜して、頼む,やりとり・依頼,13,请坐。,Qǐng zuò.,お座りください。,
61,動詞,46,干,gàn,する、やる,その他,13,你在干什么？,Nǐ zài gàn shénme?,何してるの？,
62,副詞,16,又,yòu,また（すでに起きた）,頻度・くり返し,13,他又迟到了。,Tā yòu chídào le.,彼はまた遅刻した。,又=既に起きた反復／再=これから
63,動詞,47,见,jiàn,会う、見かける,やりとり・依頼,14,明天见！,Míngtiān jiàn!,また明日！,
64,動詞,48,上,shàng,上がる、乗る,移動,14,我上楼了。,Wǒ shàng lóu le.,上の階に行きます。,
65,動詞,49,下,xià,下りる、降りる,移動,14,他下楼了。,Tā xià lóu le.,彼は下に降りました。,
66,副詞,17,最,zuì,最も、一番,程度,14,这个最好吃。,Zhège zuì hǎochī.,これが一番おいしい。,
67,動詞,50,进,jìn,入る,移動,14,请进。,Qǐng jìn.,どうぞお入りください。,
68,動詞,51,出,chū,出る,移動,15,从这个门出。,Cóng zhège mén chū.,このドアから出てください。,
69,動詞,52,回来,huílai,帰ってくる,移動,15,你几点回来？,Nǐ jǐ diǎn huílai?,何時に帰ってくる？,
70,副詞,18,可能,kěnéng,たぶん、〜かもしれない,語気・判断,15,他可能不来。,Tā kěnéng bù lái.,彼は来ないかもしれません。,
71,動詞,53,回去,huíqu,帰っていく,移動,15,我该回去了。,Wǒ gāi huíqu le.,そろそろ帰らないと。,
72,動詞,54,出去,chūqu,出て行く、出かける,移動,15,我出去一下。,Wǒ chūqu yíxià.,ちょっと出かけます。,
73,動詞,55,回家,huíjiā,帰宅する,移動,16,我要回家了。,Wǒ yào huíjiā le.,もう帰ります。,
74,副詞,19,一定,yídìng,きっと、必ず,語気・判断,16,我一定去。,Wǒ yídìng qù.,必ず行きます。,不一定＝〜とは限らない
75,動詞,56,打算,dǎsuan,〜するつもりだ,思考・気持ち,16,你打算去哪儿？,Nǐ dǎsuan qù nǎr?,どこに行くつもり？,
76,動詞,57,写,xiě,書く,仕事・学習,16,请写一下。,Qǐng xiě yíxià.,書いてください。,
77,動詞,58,玩,wán,遊ぶ,食事・生活,16,周末去哪儿玩？,Zhōumò qù nǎr wán?,週末どこに遊びに行く？,
78,副詞,20,别,bié,〜しないで,否定,17,别担心。,Bié dānxīn.,心配しないで。,禁止を表す。不要より口語的
79,動詞,59,睡觉,shuìjiào,寝る,食事・生活,17,我想睡觉了。,Wǒ xiǎng shuìjiào le.,もう寝たいです。,離合詞：睡了一个好觉
80,動詞,60,起床,qǐchuáng,起きる,食事・生活,17,你几点起床？,Nǐ jǐ diǎn qǐchuáng?,何時に起きますか？,
81,動詞,61,吃饭,chīfàn,食事する,食事・生活,17,一起吃饭吧。,Yìqǐ chīfàn ba.,一緒にご飯食べよう。,
82,副詞,21,马上,mǎshàng,すぐに,時間・タイミング,18,马上就到。,Mǎshàng jiù dào.,もうすぐ着きます。,
83,動詞,62,该,gāi,〜すべき、〜の番だ,助動詞,18,该你了。,Gāi nǐ le.,あなたの番です。,
84,動詞,63,明白,míngbai,わかる,思考・気持ち,18,我明白了。,Wǒ míngbai le.,わかりました。,
85,動詞,64,记得,jìde,覚えている,思考・気持ち,18,你还记得我吗？,Nǐ hái jìde wǒ ma?,私を覚えていますか？,
86,副詞,22,有点儿,yǒudiǎnr,少し（好ましくない）,程度,18,有点儿贵。,Yǒudiǎnr guì.,ちょっと高いです。,有点儿＋形容詞＝不満／形容詞＋一点儿＝比較
87,動詞,65,忘,wàng,忘れる,思考・気持ち,19,我忘了。,Wǒ wàng le.,忘れました。,
88,動詞,66,带,dài,持っていく、連れる,その他,19,我没带钱。,Wǒ méi dài qián.,お金を持ってきていません。,
89,動詞,67,拿,ná,持つ、取る,その他,19,我来拿。,Wǒ lái ná.,私が持ちます。,
90,副詞,23,在,zài,〜している,時間・タイミング,19,我在开会。,Wǒ zài kāihuì.,会議中です。,動詞の前で進行。前置詞「〜で」と同じ字
91,動詞,68,放,fàng,置く、入れる,その他,19,放这儿吧。,Fàng zhèr ba.,ここに置いてください。,
92,動詞,69,送,sòng,送る、贈る,やりとり・依頼,20,我送你去机场。,Wǒ sòng nǐ qù jīchǎng.,空港まで送ります。,
93,動詞,70,换,huàn,換える、両替する,買い物・お金,20,我想换钱。,Wǒ xiǎng huàn qián.,両替したいです。,
94,副詞,24,正在,zhèngzài,ちょうど〜している,時間・タイミング,20,他正在打电话。,Tā zhèngzài dǎ diànhuà.,彼はいま電話中です。,
95,動詞,71,开始,kāishǐ,始める、始まる,変化・結果,20,几点开始？,Jǐ diǎn kāishǐ?,何時に始まりますか？,
96,動詞,72,完,wán,終わる,変化・結果,20,我吃完了。,Wǒ chī wán le.,食べ終わりました。,
97,動詞,73,谢谢,xièxie,感謝する,やりとり・依頼,21,谢谢你的帮助。,Xièxie nǐ de bāngzhù.,助けてくれてありがとう。,
98,副詞,25,非常,fēicháng,非常に,程度,21,非常感谢！,Fēicháng gǎnxiè!,本当にありがとうございます。,
99,動詞,74,对不起,duìbuqǐ,申し訳ない,やりとり・依頼,21,对不起，我来晚了。,"Duìbuqǐ, wǒ lái wǎn le.",遅れてすみません。,
100,動詞,75,像,xiàng,似ている,存在・判断,21,你很像你妈妈。,Nǐ hěn xiàng nǐ māma.,お母さんに似てるね。,
101,動詞,76,姓,xìng,〜という姓だ,存在・判断,22,我姓田中。,Wǒ xìng Tiánzhōng.,田中と申します。,
102,副詞,26,其实,qíshí,実は,語気・判断,22,其实我不懂。,Qíshí wǒ bù dǒng.,実はわかりません。,
103,動詞,77,算,suàn,計算する、〜とみなす,存在・判断,22,算了吧。,Suàn le ba.,もういいよ。,
104,動詞,78,变,biàn,変わる,変化・結果,22,天气变冷了。,Tiānqì biàn lěng le.,寒くなりました。,
105,動詞,79,发,fā,送る、発する,やりとり・依頼,22,我发邮件给你。,Wǒ fā yóujiàn gěi nǐ.,メールを送ります。,
106,副詞,27,当然,dāngrán,もちろん,語気・判断,23,当然可以！,Dāngrán kěyǐ!,もちろんいいですよ！,
107,動詞,80,卖,mài,売る,買い物・お金,23,这个怎么卖？,Zhège zěnme mài?,これいくらですか？,
108,動詞,81,付,fù,払う,買い物・お金,23,我来付吧。,Wǒ lái fù ba.,私が払います。,
109,動詞,82,花,huā,費やす,買い物・お金,23,花了多少钱？,Huā le duōshao qián?,いくらかかった？,
110,副詞,28,一直,yìzhí,ずっと、まっすぐ,時間・タイミング,23,一直往前走。,Yìzhí wǎng qián zǒu.,まっすぐ進んでください。,
111,動詞,83,试,shì,試す,買い物・お金,24,可以试一下吗？,Kěyǐ shì yíxià ma?,試してもいいですか？,
112,動詞,84,穿,chuān,着る、履く,食事・生活,24,今天穿什么？,Jīntiān chuān shénme?,今日は何を着る？,
113,動詞,85,洗,xǐ,洗う,食事・生活,24,我去洗手。,Wǒ qù xǐ shǒu.,手を洗ってきます。,
114,副詞,29,好像,hǎoxiàng,〜のようだ,語気・判断,24,好像要下雨了。,Hǎoxiàng yào xià yǔ le.,雨が降りそうです。,
115,動詞,86,休息,xiūxi,休む,体・健康,24,你休息一下吧。,Nǐ xiūxi yíxià ba.,少し休んでください。,
116,動詞,87,疼,téng,痛む,体・健康,25,我头疼。,Wǒ tóu téng.,頭が痛いです。,
117,動詞,88,看见,kànjiàn,見える、見かける,見る・聞く・話す,25,你看见我的手机了吗？,Nǐ kànjiàn wǒ de shǒujī le ma?,私の携帯見ました？,
118,副詞,30,比较,bǐjiào,わりと、比較的,程度,25,这家比较便宜。,Zhè jiā bǐjiào piányi.,この店はわりと安いです。,
119,動詞,89,听说,tīngshuō,聞くところでは,見る・聞く・話す,25,听说那家店很好吃。,Tīngshuō nà jiā diàn hěn hǎochī.,あの店はおいしいそうです。,
120,動詞,90,聊天,liáotiān,おしゃべりする,見る・聞く・話す,25,我们聊聊天吧。,Wǒmen liáoliao tiān ba.,おしゃべりしよう。,離合詞：聊聊天
121,動詞,91,介绍,jièshào,紹介する,見る・聞く・話す,26,我来介绍一下。,Wǒ lái jièshào yíxià.,ご紹介します。,
122,副詞,31,特别,tèbié,特に、すごく,程度,26,特别好吃！,Tèbié hǎochī!,すごくおいしい！,
123,動詞,92,认为,rènwéi,考える、思う,思考・気持ち,26,我认为可以。,Wǒ rènwéi kěyǐ.,いいと思います。,
124,動詞,93,希望,xīwàng,望む,思考・気持ち,26,希望你喜欢。,Xīwàng nǐ xǐhuan.,気に入るといいな。,
125,動詞,94,爱,ài,愛する、〜するのが好き,思考・気持ち,27,我爱吃饺子。,Wǒ ài chī jiǎozi.,餃子が大好きです。,
126,副詞,32,更,gèng,もっと、さらに,程度,27,这个更好。,Zhège gèng hǎo.,こっちのほうがもっといい。,比較文では很ではなく更を使う
127,動詞,95,怕,pà,恐れる、心配する,思考・気持ち,27,我怕来不及。,Wǒ pà láibují.,間に合わないのが心配です。,
128,動詞,96,准备,zhǔnbèi,準備する,その他,27,我准备好了。,Wǒ zhǔnbèi hǎo le.,準備できました。,
129,動詞,97,上班,shàngbān,出勤する,仕事・学習,27,你几点上班？,Nǐ jǐ diǎn shàngbān?,何時に出勤しますか？,
130,副詞,33,挺,tǐng,けっこう、なかなか,程度,28,挺好的。,Tǐng hǎo de.,なかなかいいですね。,挺〜的の形が多い
131,動詞,98,下班,xiàbān,退勤する,仕事・学習,28,我六点下班。,Wǒ liù diǎn xiàbān.,6時に退勤します。,
132,動詞,99,学习,xuéxí,勉強する,仕事・学習,28,我每天学习中文。,Wǒ měi tiān xuéxí Zhōngwén.,毎日中国語を勉強しています。,
133,動詞,100,见面,jiànmiàn,会う,やりとり・依頼,28,我们在哪儿见面？,Wǒmen zài nǎr jiànmiàn?,どこで会いましょうか？,離合詞：见他一面
134,副詞,34,刚,gāng,〜したばかり,時間・タイミング,28,我刚到。,Wǒ gāng dào.,今着いたところです。,刚才（さっき）は時間名詞
135,動詞,101,帮忙,bāngmáng,手伝う,やりとり・依頼,29,谢谢你帮忙。,Xièxie nǐ bāngmáng.,手伝ってくれてありがとう。,離合詞：帮我个忙
136,動詞,102,点,diǎn,注文する,食事・生活,29,我们点菜吧。,Wǒmen diǎn cài ba.,注文しましょう。,料理を注文する
137,動詞,103,打车,dǎchē,タクシーに乗る,移動,29,我们打车去吧。,Wǒmen dǎchē qù ba.,タクシーで行こう。,タクシーを拾う・配車する
138,副詞,35,真的,zhēnde,本当に,語気・判断,29,我真的很高兴。,Wǒ zhēnde hěn gāoxìng.,本当にうれしいです。,
139,動詞,104,开车,kāichē,運転する,移動,29,你会开车吗？,Nǐ huì kāichē ma?,運転できますか？,
140,動詞,105,旅游,lǚyóu,旅行する,食事・生活,30,我来中国旅游。,Wǒ lái Zhōngguó lǚyóu.,中国に旅行で来ました。,
141,動詞,106,结婚,jiéhūn,結婚する,食事・生活,30,你结婚了吗？,Nǐ jiéhūn le ma?,結婚していますか？,
142,副詞,36,还是,háishi,やはり、〜したほうがいい,語気・判断,30,还是打车吧。,Háishi dǎchē ba.,やっぱりタクシーにしよう。,疑問文では「それとも」
143,動詞,107,收到,shōudào,受け取る,やりとり・依頼,30,我收到了，谢谢。,"Wǒ shōudào le, xièxie.",受け取りました、ありがとう。,
144,動詞,108,找到,zhǎodào,見つける,変化・結果,31,我找到了！,Wǒ zhǎodào le!,見つけた！,
145,動詞,109,看到,kàndào,見る、目にする,見る・聞く・話す,31,我看到你的消息了。,Wǒ kàndào nǐ de xiāoxi le.,メッセージ見ました。,
146,副詞,37,大概,dàgài,たぶん、だいたい,語気・判断,31,大概十分钟。,Dàgài shí fēnzhōng.,だいたい10分です。,
147,動詞,110,听懂,tīngdǒng,聞いてわかる,見る・聞く・話す,31,你听懂了吗？,Nǐ tīngdǒng le ma?,聞き取れましたか？,
148,動詞,111,听见,tīngjiàn,聞こえる,見る・聞く・話す,31,我听不见。,Wǒ tīng bu jiàn.,聞こえません。,
149,動詞,112,麻烦,máfan,面倒をかける,やりとり・依頼,32,麻烦你了。,Máfan nǐ le.,お手数かけます。,
150,副詞,38,一共,yígòng,全部で,範囲・追加,32,一共多少钱？,Yígòng duōshao qián?,全部でいくらですか？,
151,動詞,113,借,jiè,借りる、貸す,やりとり・依頼,32,可以借我一下吗？,Kěyǐ jiè wǒ yíxià ma?,ちょっと貸してもらえますか？,借りる・貸す両方に使う
152,動詞,114,联系,liánxì,連絡する,やりとり・依頼,32,到了联系我。,Dào le liánxì wǒ.,着いたら連絡してね。,
153,動詞,115,决定,juédìng,決める,思考・気持ち,32,你决定吧。,Nǐ juédìng ba.,あなたが決めて。,
154,副詞,39,经常,jīngcháng,よく、しょっちゅう,頻度・くり返し,33,我经常来这儿。,Wǒ jīngcháng lái zhèr.,ここにはよく来ます。,
155,動詞,116,考虑,kǎolǜ,考慮する,思考・気持ち,33,我考虑一下。,Wǒ kǎolǜ yíxià.,ちょっと考えます。,
156,動詞,117,担心,dānxīn,心配する,思考・気持ち,33,别担心。,Bié dānxīn.,心配しないで。,
157,動詞,118,生气,shēngqì,怒る,思考・気持ち,33,你别生气。,Nǐ bié shēngqì.,怒らないで。,
158,副詞,40,总是,zǒngshì,いつも,頻度・くり返し,33,他总是很忙。,Tā zǒngshì hěn máng.,彼はいつも忙しい。,
159,動詞,119,笑,xiào,笑う,思考・気持ち,34,你笑什么？,Nǐ xiào shénme?,何笑ってるの？,
160,動詞,120,哭,kū,泣く,思考・気持ち,34,她哭了。,Tā kū le.,彼女は泣きました。,
161,動詞,121,以为,yǐwéi,〜と思い込む,思考・気持ち,34,我以为你不来了。,Wǒ yǐwéi nǐ bù lái le.,来ないと思ってた。,事実と違った思い込み
162,副詞,41,快,kuài,もうすぐ,時間・タイミング,34,快下班了。,Kuài xiàbān le.,もうすぐ仕事が終わります。,快〜了の形。「速く」の意味もある
163,動詞,122,感觉,gǎnjué,感じる,思考・気持ち,35,我感觉不太舒服。,Wǒ gǎnjué bú tài shūfu.,ちょっと気分が悪いです。,
164,動詞,123,发现,fāxiàn,気づく,思考・気持ち,35,我发现钱包丢了。,Wǒ fāxiàn qiánbāo diū le.,財布がないのに気づいた。,
165,動詞,124,丢,diū,なくす,変化・結果,35,我的护照丢了。,Wǒ de hùzhào diū le.,パスポートをなくしました。,
166,副詞,42,好,hǎo,すごく、ずいぶん,程度,35,今天好冷啊。,Jīntiān hǎo lěng a.,今日はすごく寒い。,
167,動詞,125,教,jiāo,教える,仕事・学習,35,你能教我吗？,Nǐ néng jiāo wǒ ma?,教えてくれますか？,
168,動詞,126,读,dú,読む,仕事・学習,36,这个字怎么读？,Zhège zì zěnme dú?,この字はどう読みますか？,
169,動詞,127,查,chá,調べる,仕事・学習,36,我查一下。,Wǒ chá yíxià.,調べてみます。,
170,副詞,43,多,duō,どれくらい、なんと,程度,36,有多远？,Yǒu duō yuǎn?,どのくらい遠いですか？,疑問「どれだけ」と感嘆「なんと」
171,動詞,128,讲,jiǎng,話す、説明する,見る・聞く・話す,36,你讲得很清楚。,Nǐ jiǎng de hěn qīngchu.,説明がわかりやすいです。,
172,動詞,129,说话,shuōhuà,話をする,見る・聞く・話す,36,他不爱说话。,Tā bú ài shuōhuà.,彼は無口です。,
173,動詞,130,回答,huídá,答える,見る・聞く・話す,37,请回答我。,Qǐng huídá wǒ.,答えてください。,
174,副詞,44,没有,méiyǒu,〜しなかった,否定,37,我没有去。,Wǒ méiyǒu qù.,行きませんでした。,動詞の前では没と同じ
175,動詞,131,关,guān,閉める、消す,その他,37,请关一下灯。,Qǐng guān yíxià dēng.,電気を消してください。,
176,動詞,132,打开,dǎkāi,開ける,その他,37,请打开窗户。,Qǐng dǎkāi chuānghu.,窓を開けてください。,
177,動詞,133,离开,líkāi,離れる、去る,移動,37,我明天离开上海。,Wǒ míngtiān líkāi Shànghǎi.,明日上海を発ちます。,
178,副詞,45,不用,búyòng,〜しなくていい,否定,38,不用谢。,Búyòng xiè.,どういたしまして。,「〜しなくていい」。禁止は别
179,動詞,134,跑,pǎo,走る,移動,38,别跑！,Bié pǎo!,走らないで！,
180,動詞,135,跟,gēn,ついていく,移動,38,跟我来。,Gēn wǒ lái.,ついてきてください。,
181,動詞,136,过,guò,渡る、過ごす,移動,38,过马路要小心。,Guò mǎlù yào xiǎoxīn.,道を渡るときは気をつけて。,
182,副詞,46,也许,yěxǔ,もしかしたら,語気・判断,39,也许明天去。,Yěxǔ míngtiān qù.,明日行くかもしれません。,
183,動詞,137,进来,jìnlai,入ってくる,移動,39,快进来吧。,Kuài jìnlai ba.,早く入って。,
184,動詞,138,起来,qǐlai,起き上がる,食事・生活,39,快起来！,Kuài qǐlai!,早く起きて！,
185,動詞,139,出发,chūfā,出発する,移動,39,我们几点出发？,Wǒmen jǐ diǎn chūfā?,何時に出発しますか？,
186,副詞,47,肯定,kěndìng,きっと、間違いなく,語気・判断,39,他肯定知道。,Tā kěndìng zhīdào.,彼はきっと知っています。,
187,動詞,140,出门,chūmén,出かける,移動,40,我刚出门。,Wǒ gāng chūmén.,今出かけたところです。,
188,動詞,141,敢,gǎn,思い切って〜する,助動詞,40,我不敢吃辣的。,Wǒ bù gǎn chī là de.,辛いものは怖くて食べられない。,
189,動詞,142,愿意,yuànyì,〜したいと思う,助動詞,40,你愿意来吗？,Nǐ yuànyì lái ma?,来てくれますか？,
190,副詞,48,差不多,chàbuduō,ほぼ、だいたい,程度,40,差不多到了。,Chàbuduō dào le.,ほぼ着きました。,
191,動詞,143,欢迎,huānyíng,歓迎する,やりとり・依頼,40,欢迎来日本！,Huānyíng lái Rìběn!,日本へようこそ！,
192,動詞,144,请客,qǐngkè,おごる,やりとり・依頼,41,今天我请客。,Jīntiān wǒ qǐngkè.,今日は私のおごりです。,
193,動詞,145,加,jiā,加える、友達追加する,やりとり・依頼,41,我加你微信吧。,Wǒ jiā nǐ Wēixìn ba.,WeChat追加しますね。,
194,副詞,49,常常,chángcháng,よく,頻度・くり返し,41,我常常喝茶。,Wǒ chángcháng hē chá.,よくお茶を飲みます。,否定は不常
195,動詞,146,扫,sǎo,スキャンする、掃く,買い物・お金,41,扫这个码。,Sǎo zhège mǎ.,このコードを読み取ってください。,
196,動詞,147,刷,shuā,（カードを）通す、磨く,買い物・お金,41,可以刷卡吗？,Kěyǐ shuā kǎ ma?,カード使えますか？,
197,動詞,148,订,dìng,予約する,買い物・お金,42,我想订一个房间。,Wǒ xiǎng dìng yí ge fángjiān.,部屋を予約したいです。,
198,副詞,50,有时候,yǒushíhou,時々,頻度・くり返し,42,有时候加班。,Yǒushíhou jiābān.,時々残業します。,
199,動詞,149,选,xuǎn,選ぶ,買い物・お金,42,你选一个吧。,Nǐ xuǎn yí ge ba.,一つ選んで。,
200,動詞,150,够,gòu,足りる,買い物・お金,42,钱够吗？,Qián gòu ma?,お金足りる？,
201,動詞,151,差,chà,足りない,買い物・お金,43,还差五块。,Hái chà wǔ kuài.,あと5元足りません。,
202,副詞,51,一般,yìbān,ふつうは、たいてい,頻度・くり返し,43,我一般七点起床。,Wǒ yìbān qī diǎn qǐchuáng.,ふだん7時に起きます。,
203,動詞,152,结束,jiéshù,終わる,変化・結果,43,会议几点结束？,Huìyì jǐ diǎn jiéshù?,会議は何時に終わりますか？,
204,動詞,153,开会,kāihuì,会議をする,仕事・学習,43,我在开会。,Wǒ zài kāihuì.,会議中です。,
205,動詞,154,加班,jiābān,残業する,仕事・学習,43,今天要加班。,Jīntiān yào jiābān.,今日は残業です。,
206,副詞,52,终于,zhōngyú,ついに、やっと,時間・タイミング,44,终于到了！,Zhōngyú dào le!,やっと着いた！,才より待ち望んだ達成感が強い
207,動詞,155,上课,shàngkè,授業に出る,仕事・学習,44,明天要上课。,Míngtiān yào shàngkè.,明日は授業があります。,
208,動詞,156,练习,liànxí,練習する,仕事・学習,44,我们练习一下。,Wǒmen liànxí yíxià.,少し練習しましょう。,
209,動詞,157,洗澡,xǐzǎo,入浴する,食事・生活,44,我先洗澡。,Wǒ xiān xǐzǎo.,先にお風呂に入ります。,
210,副詞,53,突然,tūrán,急に、突然,時間・タイミング,44,突然下雨了。,Tūrán xià yǔ le.,急に雨が降ってきた。,
211,動詞,158,感冒,gǎnmào,風邪をひく,体・健康,45,我感冒了。,Wǒ gǎnmào le.,風邪をひきました。,
212,動詞,159,生病,shēngbìng,病気になる,体・健康,45,我生病了。,Wǒ shēngbìng le.,病気になりました。,
213,動詞,160,发烧,fāshāo,熱が出る,体・健康,45,我发烧了。,Wǒ fāshāo le.,熱があります。,
214,副詞,54,赶紧,gǎnjǐn,急いで,様子・方法,45,赶紧走吧！,Gǎnjǐn zǒu ba!,急いで行こう！,赶快とほぼ同じ
215,動詞,161,看病,kànbìng,診察を受ける,体・健康,45,我想去看病。,Wǒ xiǎng qù kànbìng.,病院に行きたいです。,
216,動詞,162,吃药,chīyào,薬を飲む,体・健康,46,记得吃药。,Jìde chīyào.,薬を飲むのを忘れずに。,
217,動詞,163,睡,shuì,眠る,食事・生活,46,昨晚睡得好吗？,Zuówǎn shuì de hǎo ma?,昨夜はよく眠れた？,
218,副詞,55,慢慢,mànmàn,ゆっくり,様子・方法,46,慢慢吃。,Mànmàn chī.,ゆっくり召し上がってください。,
219,動詞,164,醒,xǐng,目が覚める,食事・生活,46,你醒了吗？,Nǐ xǐng le ma?,起きた？,
220,動詞,165,喝酒,hējiǔ,お酒を飲む,食事・生活,46,你喝酒吗？,Nǐ hējiǔ ma?,お酒は飲みますか？,
221,動詞,166,抽烟,chōuyān,タバコを吸う,食事・生活,47,这里可以抽烟吗？,Zhèli kěyǐ chōuyān ma?,ここでタバコ吸えますか？,
222,副詞,56,千万,qiānwàn,くれぐれも、絶対に,語気・判断,47,千万别忘了！,Qiānwàn bié wàng le!,絶対に忘れないで！,否定・禁止とよく使う
223,動詞,167,尝,cháng,味見する,食事・生活,47,你尝尝这个。,Nǐ chángchang zhège.,これ食べてみて。,
224,動詞,168,做饭,zuòfàn,料理する,食事・生活,47,你会做饭吗？,Nǐ huì zuòfàn ma?,料理できますか？,
225,動詞,169,同意,tóngyì,賛成する,思考・気持ち,48,我同意。,Wǒ tóngyì.,賛成です。,
226,副詞,57,到底,dàodǐ,いったい,語気・判断,48,你到底去不去？,Nǐ dàodǐ qù bu qù?,いったい行くの、行かないの？,
227,動詞,170,相信,xiāngxìn,信じる,思考・気持ち,48,我相信你。,Wǒ xiāngxìn nǐ.,あなたを信じます。,
228,動詞,171,放心,fàngxīn,安心する,思考・気持ち,48,你放心吧。,Nǐ fàngxīn ba.,安心してください。,
229,動詞,172,理解,lǐjiě,理解する,思考・気持ち,48,我理解你。,Wǒ lǐjiě nǐ.,気持ちはわかります。,
230,副詞,58,原来,yuánlái,なんだ〜だったのか,語気・判断,49,原来是你啊！,Yuánlái shì nǐ a!,なんだ、あなたでしたか！,原来=気づき／本来=当初の予定
231,動詞,173,注意,zhùyì,注意する,思考・気持ち,49,注意安全。,Zhùyì ānquán.,安全に気をつけて。,
232,動詞,174,小心,xiǎoxīn,気をつける,思考・気持ち,49,小心点儿！,Xiǎoxīn diǎnr!,気をつけて！,
233,動詞,175,习惯,xíguàn,慣れる,変化・結果,49,我习惯了。,Wǒ xíguàn le.,慣れました。,
234,副詞,59,本来,běnlái,もともと,語気・判断,49,我本来想去。,Wǒ běnlái xiǎng qù.,もともと行くつもりでした。,原来=気づき／本来=当初の予定
235,動詞,176,发生,fāshēng,起こる,変化・結果,50,发生什么事了？,Fāshēng shénme shì le?,何があったの？,
236,動詞,177,遇到,yùdào,出会う、遭遇する,変化・結果,50,我遇到麻烦了。,Wǒ yùdào máfan le.,トラブルに遭いました。,
237,動詞,178,解决,jiějué,解決する,変化・結果,50,问题解决了。,Wèntí jiějué le.,問題は解決しました。,
238,副詞,60,一块儿,yíkuàir,一緒に,様子・方法,50,一块儿去吧。,Yíkuàir qù ba.,一緒に行こう。,一起のくだけた言い方
239,動詞,179,完成,wánchéng,完成する,変化・結果,50,工作完成了。,Gōngzuò wánchéng le.,仕事が終わりました。,
240,動詞,180,当,dāng,〜になる、務める,仕事・学習,51,我当过老师。,Wǒ dāng guo lǎoshī.,教師をしていました。,
241,動詞,181,长大,zhǎngdà,育つ,変化・結果,51,我在大阪长大。,Wǒ zài Dàbǎn zhǎngdà.,大阪で育ちました。,
242,副詞,61,必须,bìxū,必ず〜しなければならない,語気・判断,51,我必须走了。,Wǒ bìxū zǒu le.,もう行かなければなりません。,否定は不用・不必
243,動詞,182,出生,chūshēng,生まれる,その他,51,我是在东京出生的。,Wǒ shì zài Dōngjīng chūshēng de.,東京生まれです。,
244,動詞,183,生活,shēnghuó,生活する,食事・生活,52,我在北京生活。,Wǒ zài Běijīng shēnghuó.,北京で暮らしています。,
245,動詞,184,搬家,bānjiā,引っ越す,食事・生活,52,我下个月搬家。,Wǒ xià ge yuè bānjiā.,来月引っ越します。,
246,副詞,62,最好,zuìhǎo,〜したほうがいい,語気・判断,52,你最好早点儿去。,Nǐ zuìhǎo zǎo diǎnr qù.,早めに行ったほうがいいです。,
247,動詞,185,搬,bān,運ぶ,その他,52,帮我搬一下。,Bāng wǒ bān yíxià.,運ぶのを手伝って。,
248,動詞,186,修,xiū,修理する,その他,52,能修一下吗？,Néng xiū yíxià ma?,修理できますか？,
249,動詞,187,掉,diào,落ちる、落とす,変化・結果,53,手机掉了。,Shǒujī diào le.,携帯を落としました。,
250,副詞,63,确实,quèshí,確かに,語気・判断,53,确实不错。,Quèshí búcuò.,確かにいいですね。,
251,動詞,188,感谢,gǎnxiè,感謝する,やりとり・依頼,53,非常感谢！,Fēicháng gǎnxiè!,本当にありがとうございます！,
252,動詞,189,祝,zhù,祈る、祝う,やりとり・依頼,53,祝你生日快乐！,Zhù nǐ shēngrì kuàilè!,誕生日おめでとう！,
253,動詞,190,恭喜,gōngxǐ,祝う,やりとり・依頼,53,恭喜你！,Gōngxǐ nǐ!,おめでとう！,
254,副詞,64,差点儿,chàdiǎnr,危うく〜するところ,語気・判断,54,差点儿忘了。,Chàdiǎnr wàng le.,危うく忘れるところだった。,
255,動詞,191,照顾,zhàogù,世話をする,やりとり・依頼,54,谢谢你的照顾。,Xièxie nǐ de zhàogù.,お世話になりました。,
256,動詞,192,帮助,bāngzhù,助ける,やりとり・依頼,54,他帮助了我很多。,Tā bāngzhù le wǒ hěn duō.,彼にとても助けられました。,
257,動詞,193,还,huán,返す,やりとり・依頼,54,明天还你。,Míngtiān huán nǐ.,明日返します。,返す意は huán（副詞 hái と区別）
258,副詞,65,从来,cónglái,これまで（一度も）,頻度・くり返し,54,我从来没去过。,Wǒ cónglái méi qùguo.,一度も行ったことがありません。,从来不・从来没と否定で使う
259,動詞,194,约,yuē,約束する、誘う,やりとり・依頼,55,我们约个时间吧。,Wǒmen yuē ge shíjiān ba.,時間を決めましょう。,
260,動詞,195,接,jiē,迎える、（電話に）出る,やりとり・依頼,55,我去机场接你。,Wǒ qù jīchǎng jiē nǐ.,空港に迎えに行きます。,
261,動詞,196,陪,péi,付き添う,やりとり・依頼,55,我陪你去吧。,Wǒ péi nǐ qù ba.,一緒に行きますよ。,
262,副詞,66,老,lǎo,いつも、しょっちゅう,頻度・くり返し,55,他老迟到。,Tā lǎo chídào.,彼はいつも遅刻する。,不満を含むことが多い
263,動詞,197,商量,shāngliang,相談する,やりとり・依頼,56,我们商量一下。,Wǒmen shāngliang yíxià.,ちょっと相談しよう。,
264,動詞,198,打扰,dǎrǎo,邪魔する,やりとり・依頼,56,不好意思，打扰一下。,"Bù hǎoyìsi, dǎrǎo yíxià.",すみません、ちょっと失礼します。,
265,動詞,199,推荐,tuījiàn,勧める,やりとり・依頼,56,你推荐什么菜？,Nǐ tuījiàn shénme cài?,おすすめの料理は？,
266,副詞,67,总,zǒng,いつも,頻度・くり返し,56,你总这么客气。,Nǐ zǒng zhème kèqi.,いつもご丁寧にどうも。,
267,動詞,200,建议,jiànyì,提案する,やりとり・依頼,56,我建议早点儿去。,Wǒ jiànyì zǎo diǎnr qù.,早めに行くのがおすすめです。,
268,動詞,201,解释,jiěshì,説明する,見る・聞く・話す,57,你听我解释。,Nǐ tīng wǒ jiěshì.,説明させてください。,
269,動詞,202,开玩笑,kāi wánxiào,冗談を言う,見る・聞く・話す,57,我开玩笑的。,Wǒ kāi wánxiào de.,冗談ですよ。,
270,副詞,68,越来越,yuèláiyuè,ますます,程度,57,越来越冷了。,Yuèláiyuè lěng le.,ますます寒くなってきた。,
271,動詞,203,看懂,kàndǒng,読んでわかる,見る・聞く・話す,57,我看不懂菜单。,Wǒ kàn bu dǒng càidān.,メニューが読めません。,
272,動詞,204,排队,páiduì,並ぶ,その他,57,请排队。,Qǐng páiduì.,並んでください。,
273,動詞,205,转,zhuǎn,曲がる、乗り換える,移動,58,前面右转。,Qiánmiàn yòu zhuǎn.,この先を右に曲がって。,
274,副詞,69,越,yuè,〜すればするほど,程度,58,越快越好。,Yuè kuài yuè hǎo.,早ければ早いほどいい。,越A越Bの形で使う
275,動詞,206,停,tíng,止まる、止める,移動,58,请在这儿停。,Qǐng zài zhèr tíng.,ここで止めてください。,
276,動詞,207,迷路,mílù,道に迷う,移動,58,我迷路了。,Wǒ mílù le.,道に迷いました。,
277,動詞,208,骑,qí,（自転車などに）乗る,移動,58,我骑自行车去。,Wǒ qí zìxíngchē qù.,自転車で行きます。,
278,副詞,70,根本,gēnběn,まったく（〜ない）,語気・判断,59,我根本不知道。,Wǒ gēnběn bù zhīdào.,全然知りません。,否定とセットで使う
279,動詞,209,走路,zǒulù,歩く,移動,59,走路十分钟。,Zǒulù shí fēnzhōng.,歩いて10分です。,
280,動詞,210,换乘,huànchéng,乗り換える,移動,59,在哪儿换乘？,Zài nǎr huànchéng?,どこで乗り換えますか？,
281,動詞,211,下车,xiàchē,降りる,移動,59,我下一站下车。,Wǒ xià yí zhàn xiàchē.,次の駅で降ります。,
282,副詞,71,互相,hùxiāng,互いに,様子・方法,60,我们互相学习。,Wǒmen hùxiāng xuéxí.,お互いに学び合いましょう。,
283,動詞,212,赶,gǎn,急ぐ、間に合わせる,移動,60,我要赶飞机。,Wǒ yào gǎn fēijī.,飛行機に急がないと。,
284,動詞,213,堵车,dǔchē,渋滞する,移動,60,路上堵车了。,Lùshang dǔchē le.,道が渋滞しています。,
285,動詞,214,来得及,láidejí,間に合う,変化・結果,60,还来得及吗？,Hái láidejí ma?,まだ間に合いますか？,
286,副詞,72,稍微,shāowēi,少し、ちょっと,程度,60,请稍微等一下。,Qǐng shāowēi děng yíxià.,少々お待ちください。,後ろに一点儿・一下を伴う
287,動詞,215,迟到,chídào,遅刻する,仕事・学習,61,别迟到了。,Bié chídào le.,遅刻しないでね。,
288,動詞,216,出差,chūchāi,出張する,仕事・学習,61,我来上海出差。,Wǒ lái Shànghǎi chūchāi.,上海に出張で来ました。,
289,動詞,217,请假,qǐngjià,休みを取る,仕事・学習,61,我明天请假。,Wǒ míngtiān qǐngjià.,明日休みを取ります。,
290,副詞,73,几乎,jīhū,ほとんど,程度,61,几乎每天都去。,Jīhū měi tiān dōu qù.,ほぼ毎日行きます。,
291,動詞,218,安排,ānpái,手配する,仕事・学習,61,我来安排吧。,Wǒ lái ānpái ba.,私が手配します。,
292,動詞,219,确认,quèrèn,確認する,仕事・学習,62,我再确认一下。,Wǒ zài quèrèn yíxià.,もう一度確認します。,
293,動詞,220,负责,fùzé,担当する,仕事・学習,62,我负责这个项目。,Wǒ fùzé zhège xiàngmù.,この案件の担当です。,
294,副詞,74,全,quán,全部、すっかり,範囲・追加,62,我全忘了。,Wǒ quán wàng le.,全部忘れてしまった。,都より「完全に」の意が強い
295,動詞,221,处理,chǔlǐ,処理する,仕事・学習,62,我马上处理。,Wǒ mǎshàng chǔlǐ.,すぐ対応します。,
296,動詞,222,讨论,tǎolùn,議論する,仕事・学習,62,明天再讨论吧。,Míngtiān zài tǎolùn ba.,明日また話し合おう。,
297,動詞,223,参加,cānjiā,参加する,仕事・学習,63,你参加吗？,Nǐ cānjiā ma?,参加しますか？,
298,副詞,75,只好,zhǐhǎo,〜するしかない,語気・判断,63,只好打车了。,Zhǐhǎo dǎchē le.,タクシーに乗るしかない。,
299,動詞,224,翻译,fānyì,翻訳する,仕事・学習,63,请帮我翻译一下。,Qǐng bāng wǒ fānyì yíxià.,訳してください。,
300,動詞,225,努力,nǔlì,努力する,仕事・学習,63,我会努力的。,Wǒ huì nǔlì de.,頑張ります。,
301,動詞,226,加油,jiāyóu,頑張る,やりとり・依頼,64,加油！,Jiāyóu!,頑張って！,
302,副詞,76,难道,nándào,まさか〜ではあるまい,語気・判断,64,难道你不知道？,Nándào nǐ bù zhīdào?,まさか知らないの？,
303,動詞,227,记,jì,メモする、覚える,仕事・学習,64,我记一下。,Wǒ jì yíxià.,メモしておきます。,
304,動詞,228,记住,jìzhù,しっかり覚える,仕事・学習,64,我记住了。,Wǒ jìzhù le.,覚えました。,
305,動詞,229,忘记,wàngjì,忘れる,思考・気持ち,64,别忘记带护照。,Bié wàngjì dài hùzhào.,パスポートを忘れないで。,
306,副詞,77,反正,fǎnzhèng,どうせ、どのみち,語気・判断,65,反正没事儿。,Fǎnzhèng méi shìr.,どうせ用事もないし。,
307,動詞,230,学会,xuéhuì,習得する,仕事・学習,65,我学会了。,Wǒ xuéhuì le.,できるようになりました。,
308,動詞,231,考试,kǎoshì,試験を受ける,仕事・学習,65,下周我要考试。,Xià zhōu wǒ yào kǎoshì.,来週試験があります。,
309,動詞,232,留学,liúxué,留学する,仕事・学習,65,我想去中国留学。,Wǒ xiǎng qù Zhōngguó liúxué.,中国に留学したいです。,
310,副詞,78,正好,zhènghǎo,ちょうど,時間・タイミング,65,正好我也要去。,Zhènghǎo wǒ yě yào qù.,ちょうど私も行くところです。,
311,動詞,233,办,bàn,（手続きを）する,仕事・学習,66,在哪儿办手续？,Zài nǎr bàn shǒuxù?,どこで手続きしますか？,
312,動詞,234,申请,shēnqǐng,申請する,仕事・学習,66,我要申请签证。,Wǒ yào shēnqǐng qiānzhèng.,ビザを申請します。,
313,動詞,235,弄,nòng,いじる、やる,その他,66,你帮我弄一下。,Nǐ bāng wǒ nòng yíxià.,ちょっとやってもらえる？,
314,副詞,79,光,guāng,〜ばかり,範囲・追加,66,别光吃肉。,Bié guāng chī ròu.,肉ばかり食べないで。,
315,動詞,236,交,jiāo,渡す、払う,買い物・お金,66,在哪儿交钱？,Zài nǎr jiāo qián?,どこで払いますか？,
316,動詞,237,退,tuì,返品する、返す,買い物・お金,67,可以退吗？,Kěyǐ tuì ma?,返品できますか？,
317,動詞,238,打折,dǎzhé,割引する,買い物・お金,67,现在打折吗？,Xiànzài dǎzhé ma?,今セール中ですか？,
318,副詞,80,随便,suíbiàn,気軽に、ご自由に,様子・方法,67,随便看看。,Suíbiàn kànkan.,ご自由にご覧ください。,
319,動詞,239,买单,mǎidān,会計する,買い物・お金,67,服务员，买单！,"Fúwùyuán, mǎidān!",すみません、お会計！,
320,動詞,240,收,shōu,受け取る、受け付ける,買い物・お金,67,这里收现金吗？,Zhèli shōu xiànjīn ma?,現金使えますか？,
321,動詞,241,取,qǔ,引き出す、受け取る,買い物・お金,68,我去取钱。,Wǒ qù qǔ qián.,お金をおろしてきます。,
322,副詞,81,顺便,shùnbiàn,ついでに,様子・方法,68,顺便买瓶水。,Shùnbiàn mǎi píng shuǐ.,ついでに水を買います。,
323,動詞,242,存,cún,預ける,買い物・お金,68,我想存行李。,Wǒ xiǎng cún xíngli.,荷物を預けたいです。,
324,動詞,243,剩,shèng,残る,買い物・お金,68,还剩多少？,Hái shèng duōshao?,あとどれだけ残ってる？,
325,動詞,244,值得,zhíde,〜する価値がある,買い物・お金,69,值得去。,Zhíde qù.,行く価値ありますよ。,
326,副詞,82,重新,chóngxīn,改めて、やり直して,頻度・くり返し,69,请重新输入。,Qǐng chóngxīn shūrù.,もう一度入力してください。,最初からやり直す意。再より強い
327,動詞,245,租,zū,（有料で）借りる,買い物・お金,69,我想租车。,Wǒ xiǎng zū chē.,車を借りたいです。,
328,動詞,246,逛街,guàngjiē,街をぶらつく、買い物する,買い物・お金,69,周末去逛街吧。,Zhōumò qù guàngjiē ba.,週末買い物に行こう。,
329,動詞,247,浪费,làngfèi,無駄にする,買い物・お金,69,别浪费时间。,Bié làngfèi shíjiān.,時間を無駄にしないで。,
330,副詞,83,早就,zǎojiù,とっくに,時間・タイミング,70,我早就知道了。,Wǒ zǎojiù zhīdào le.,とっくに知っていました。,
331,動詞,248,打包,dǎbāo,持ち帰り用に包む,食事・生活,70,这个可以打包吗？,Zhège kěyǐ dǎbāo ma?,これ持ち帰れますか？,
332,動詞,249,寄,jì,郵送する,やりとり・依頼,70,我想寄到日本。,Wǒ xiǎng jì dào Rìběn.,日本へ送りたいです。,
333,動詞,250,退房,tuìfáng,チェックアウトする,食事・生活,70,我要退房。,Wǒ yào tuìfáng.,チェックアウトします。,
334,副詞,84,就要,jiùyào,もうすぐ〜する,時間・タイミング,70,飞机就要起飞了。,Fēijī jiùyào qǐfēi le.,飛行機がまもなく離陸します。,時間詞と併用可（快要は不可）
335,動詞,251,入住,rùzhù,チェックインする,食事・生活,71,我想办入住。,Wǒ xiǎng bàn rùzhù.,チェックインしたいです。,
336,動詞,252,开门,kāimén,開店する、ドアを開ける,買い物・お金,71,超市几点开门？,Chāoshì jǐ diǎn kāimén?,スーパーは何時に開きますか？,
337,動詞,253,关门,guānmén,閉店する、ドアを閉める,買い物・お金,71,商店几点关门？,Shāngdiàn jǐ diǎn guānmén?,お店は何時に閉まりますか？,
338,副詞,85,快要,kuàiyào,もうすぐ〜する,時間・タイミング,71,快要到站了。,Kuàiyào dào zhàn le.,もうすぐ駅に着きます。,時間詞とは使わない（就要は可）
339,動詞,254,上网,shàngwǎng,ネットにつなぐ,食事・生活,71,这里能上网吗？,Zhèli néng shàngwǎng ma?,ここでネットは使えますか？,
340,動詞,255,充电,chōngdiàn,充電する,食事・生活,72,哪里可以充电？,Nǎli kěyǐ chōngdiàn?,どこで充電できますか？,
341,動詞,256,拍,pāi,（写真を）撮る,その他,72,帮我拍张照吧。,Bāng wǒ pāi zhāng zhào ba.,写真を撮ってもらえますか。,
342,副詞,86,立刻,lìkè,直ちに,時間・タイミング,72,我立刻去办。,Wǒ lìkè qù bàn.,すぐに手配します。,马上より硬め
343,動詞,257,照相,zhàoxiàng,写真を撮る,その他,72,这里能照相吗？,Zhèli néng zhàoxiàng ma?,ここで写真を撮れますか？,
344,動詞,258,唱歌,chànggē,歌う,食事・生活,73,我们去唱歌吧。,Wǒmen qù chànggē ba.,カラオケに行こう。,
345,動詞,259,散步,sànbù,散歩する,食事・生活,73,我们去散散步吧。,Wǒmen qù sànsan bù ba.,散歩に行こう。,
346,副詞,87,偶尔,ǒu'ěr,たまに,頻度・くり返し,73,偶尔喝点儿酒。,Ǒu'ěr hē diǎnr jiǔ.,たまにお酒を飲みます。,
347,動詞,260,运动,yùndòng,運動する,体・健康,73,你常运动吗？,Nǐ cháng yùndòng ma?,よく運動しますか？,
348,動詞,261,锻炼,duànliàn,鍛える,体・健康,73,我每天锻炼身体。,Wǒ měi tiān duànliàn shēntǐ.,毎日体を鍛えています。,
349,動詞,262,游泳,yóuyǒng,泳ぐ,体・健康,74,你会游泳吗？,Nǐ huì yóuyǒng ma?,泳げますか？,
350,副詞,88,尤其,yóuqí,特に,程度,74,我尤其喜欢饺子。,Wǒ yóuqí xǐhuan jiǎozi.,特に餃子が好きです。,
351,動詞,263,减肥,jiǎnféi,ダイエットする,体・健康,74,我在减肥。,Wǒ zài jiǎnféi.,ダイエット中です。,
352,動詞,264,放松,fàngsōng,リラックスする,体・健康,74,放松一下吧。,Fàngsōng yíxià ba.,リラックスしましょう。,
353,動詞,265,躺,tǎng,横になる,体・健康,74,我想躺一会儿。,Wǒ xiǎng tǎng yíhuìr.,少し横になりたいです。,
354,副詞,89,另外,lìngwài,ほかに、それから,範囲・追加,75,另外还要一杯咖啡。,Lìngwài hái yào yì bēi kāfēi.,それからコーヒーも一杯。,
355,動詞,266,吐,tù,吐く,体・健康,75,我想吐。,Wǒ xiǎng tù.,吐きそうです。,
356,動詞,267,咳嗽,késou,咳をする,体・健康,75,我一直咳嗽。,Wǒ yìzhí késou.,ずっと咳が出ます。,
357,動詞,268,拉肚子,lā dùzi,お腹を壊す,体・健康,75,我拉肚子了。,Wǒ lā dùzi le.,お腹を壊しました。,
358,副詞,90,至少,zhìshǎo,少なくとも,範囲・追加,75,至少要一个小时。,Zhìshǎo yào yí ge xiǎoshí.,少なくとも1時間かかります。,
359,動詞,269,受伤,shòushāng,怪我をする,体・健康,76,他受伤了。,Tā shòushāng le.,彼は怪我をしました。,
360,動詞,270,检查,jiǎnchá,検査する、点検する,体・健康,76,我去检查一下。,Wǒ qù jiǎnchá yíxià.,検査してきます。,
361,動詞,271,过敏,guòmǐn,アレルギーがある,体・健康,76,我对花生过敏。,Wǒ duì huāshēng guòmǐn.,ピーナッツアレルギーです。,
362,副詞,91,简直,jiǎnzhí,まったく、まるで,語気・判断,76,简直太好了！,Jiǎnzhí tài hǎo le!,本当に最高です！,
363,動詞,272,睡着,shuìzháo,眠りにつく,食事・生活,77,我睡不着。,Wǒ shuì bu zháo.,眠れません。,
364,動詞,273,脱,tuō,脱ぐ,食事・生活,77,要脱鞋吗？,Yào tuō xié ma?,靴を脱ぎますか？,
365,動詞,274,戴,dài,身につける,食事・生活,77,请戴口罩。,Qǐng dài kǒuzhào.,マスクをしてください。,
366,副詞,92,果然,guǒrán,やはり（予想通り）,語気・判断,77,果然下雨了。,Guǒrán xià yǔ le.,やっぱり雨が降った。,果然=予想通り／还是=結局こちら
367,動詞,275,收拾,shōushi,片付ける,食事・生活,77,我收拾一下。,Wǒ shōushi yíxià.,ちょっと片付けます。,
368,動詞,276,干杯,gānbēi,乾杯する,食事・生活,78,干杯！,Gānbēi!,乾杯！,
369,動詞,277,下雨,xiàyǔ,雨が降る,その他,78,外面在下雨。,Wàimiàn zài xiàyǔ.,外は雨が降っています。,
370,副詞,93,居然,jūrán,なんと、意外にも,語気・判断,78,他居然会说日语！,Tā jūrán huì shuō Rìyǔ!,彼、なんと日本語が話せる！,
371,動詞,278,讨厌,tǎoyàn,嫌う,思考・気持ち,78,我讨厌下雨。,Wǒ tǎoyàn xiàyǔ.,雨は嫌いです。,
372,動詞,279,害怕,hàipà,怖がる,思考・気持ち,78,别害怕。,Bié hàipà.,怖がらないで。,
373,動詞,280,后悔,hòuhuǐ,後悔する,思考・気持ち,79,我不后悔。,Wǒ bú hòuhuǐ.,後悔していません。,
374,副詞,94,故意,gùyì,わざと,様子・方法,79,我不是故意的。,Wǒ bú shì gùyì de.,わざとじゃないんです。,
375,動詞,281,关心,guānxīn,気にかける,思考・気持ち,79,谢谢你的关心。,Xièxie nǐ de guānxīn.,お気遣いありがとう。,
376,動詞,282,确定,quèdìng,確定する、確信する,思考・気持ち,79,你确定吗？,Nǐ quèdìng ma?,確かですか？,
377,動詞,283,猜,cāi,当てる、推測する,思考・気持ち,79,你猜猜。,Nǐ cāicai.,当ててみて。,
378,副詞,95,专门,zhuānmén,わざわざ、専門に,様子・方法,80,我专门来看你。,Wǒ zhuānmén lái kàn nǐ.,わざわざ会いに来ました。,
379,動詞,284,道歉,dàoqiàn,謝る,やりとり・依頼,80,我向你道歉。,Wǒ xiàng nǐ dàoqiàn.,お詫びします。,
380,動詞,285,原谅,yuánliàng,許す,やりとり・依頼,80,请原谅我。,Qǐng yuánliàng wǒ.,許してください。,
381,動詞,286,答应,dāying,承諾する,やりとり・依頼,80,他答应了。,Tā dāying le.,彼は承諾しました。,
382,副詞,96,到处,dàochù,あちこち、至る所,範囲・追加,81,到处都是人。,Dàochù dōu shì rén.,どこも人だらけです。,
383,動詞,287,邀请,yāoqǐng,招待する,やりとり・依頼,81,谢谢你的邀请。,Xièxie nǐ de yāoqǐng.,ご招待ありがとう。,
384,動詞,288,提醒,tíxǐng,注意を促す,やりとり・依頼,81,谢谢提醒。,Xièxie tíxǐng.,教えてくれてありがとう。,
385,動詞,289,回复,huífù,返信する,やりとり・依頼,81,我等你回复。,Wǒ děng nǐ huífù.,返信をお待ちしています。,
386,副詞,97,一边,yìbiān,〜しながら,様子・方法,81,一边吃一边聊。,Yìbiān chī yìbiān liáo.,食べながら話しましょう。,一边A一边Bの形で使う
387,動詞,290,留,liú,残す、とどめる,やりとり・依頼,82,请留个电话。,Qǐng liú ge diànhuà.,電話番号を残してください。,
388,動詞,291,偷,tōu,盗む,その他,82,我的钱包被偷了。,Wǒ de qiánbāo bèi tōu le.,財布を盗まれました。,
389,動詞,292,报警,bàojǐng,警察に通報する,その他,82,快报警！,Kuài bàojǐng!,早く警察を呼んで！,
390,副詞,98,恐怕,kǒngpà,おそらく（〜ではないか）,語気・判断,82,恐怕来不及了。,Kǒngpà láibují le.,間に合わないかもしれません。,よくない予測に使う
391,動詞,293,扔,rēng,捨てる、投げる,その他,82,垃圾扔在哪儿？,Lājī rēng zài nǎr?,ゴミはどこに捨てますか？,
392,動詞,294,挂,guà,掛ける、（電話を）切る,その他,83,我先挂了。,Wǒ xiān guà le.,じゃあ切りますね。,
393,動詞,295,站,zhàn,立つ,その他,83,请站在这儿。,Qǐng zhàn zài zhèr.,ここに立ってください。,
394,副詞,99,随时,suíshí,いつでも,時間・タイミング,83,随时联系我。,Suíshí liánxì wǒ.,いつでも連絡ください。,
395,動詞,296,继续,jìxù,続ける,変化・結果,83,请继续。,Qǐng jìxù.,続けてください。,
396,動詞,297,坚持,jiānchí,頑張り続ける,変化・結果,83,再坚持一下！,Zài jiānchí yíxià!,もう少し頑張って！,
397,動詞,298,放弃,fàngqì,諦める,変化・結果,84,别放弃！,Bié fàngqì!,諦めないで！,
398,副詞,100,幸亏,xìngkuī,幸いにも,語気・判断,84,幸亏你来了。,Xìngkuī nǐ lái le.,あなたが来てくれて助かった。,
399,動詞,299,得到,dédào,得る、手に入れる,変化・結果,84,我得到了签证。,Wǒ dédào le qiānzhèng.,ビザが取れました。,
400,動詞,300,涨,zhǎng,値上がりする,買い物・お金,84,房租又涨了。,Fángzū yòu zhǎng le.,家賃がまた上がりました。,
